"trees","constrained","free","sweeps","wallSeconds","run","maxCountSeconds","maxCountMB","sweepsCountOver1s","shareSweepsOver1s","countsOver60s","acceptedDeaths","deathsMergedPast2e20","hybridSweeps","hybridRun","switchedShare","aBOverAMHMean","aBOverAMHMedian","aBOverAMHMin"
1,1,3,882,2180,"stopped at 36 min (settled; on pace for the time cap)",70.1,361,178,0.2018,6,32,13,794,"capped: time",0.3255,0.96,0.996,0.559
1,1,2,1200,4,"completed",0.0625,0.995,0,0,0,20,0,1200,"completed",0.1002,0.976,0.996,0.596
1,1,1,1200,648,"completed",23.3,143,118,0.0983,0,46,8,1176,"capped: time",0.4559,0.966,0.995,0.513
1,2,1,1200,198,"completed",4.41,40.5,88,0.0733,0,36,5,1200,"completed",0.2868,0.964,0.997,0.508
5,1,3,1200,2,"completed",0.00891,0.308,0,0,0,190,0,1200,"completed",0,NA,NA,NA
5,1,2,1200,2,"completed",0.00154,0.0673,0,0,0,153,0,1200,"completed",0,NA,NA,NA
5,1,1,1200,4,"completed",0.0491,0.842,0,0,0,259,0,1200,"completed",0.003,0.967,0.989,0.736
5,2,1,1200,16,"completed",0.0875,2.09,0,0,0,285,0,1200,"completed",0.0318,0.953,0.988,0.544
10,1,3,1200,2,"completed",0.000184,0.00917,0,0,0,405,0,1200,"completed",0,NA,NA,NA
10,1,2,1200,2,"completed",0.000441,0.023,0,0,0,346,0,1200,"completed",0,NA,NA,NA
10,1,1,1200,2,"completed",6.04e-05,0.00464,0,0,0,399,0,1200,"completed",0,NA,NA,NA
10,2,1,1200,2,"completed",0.000514,0.0283,0,0,0,457,0,1200,"completed",0,NA,NA,NA
20,1,3,1200,2,"completed",2.84e-05,0.00246,0,0,0,805,0,1200,"completed",0,NA,NA,NA
20,1,2,1200,3,"completed",8.4e-05,0.00478,0,0,0,797,0,1200,"completed",0,NA,NA,NA
20,1,1,1200,3,"completed",0.000693,0.0172,0,0,0,879,0,1200,"completed",0,NA,NA,NA
20,2,1,1200,3,"completed",0.000353,0.0209,0,0,0,850,0,1200,"completed",0,NA,NA,NA
