entry,conditioning,generic,type,sample,outcome,detail
"dbarts","family=auto","","","","accepted","list len2"
"dbarts","family=gaussian","","","","accepted","list len2"
"dbarts","family=probit","","","","accepted","list len2"
"dbarts","family=logistic","","","","accepted","list len2"
"dbarts","family=aft","","","","accepted","list len2"
"dbarts","family=multinomial","","","","accepted","list len2"
"dbarts","family=ordinal","","","","accepted","list len2"
"dbarts","family=nbinom","","","","accepted","list len2"
"dbarts","family=hazard","","","","accepted","list len2"
"dbarts","family=hazard.probit","","","","accepted","list len2"
"dbarts","family=hazard.logistic","","","","accepted","list len2"
"dbarts","family=hurdle.lognormal","","","","refused","family ""hurdle.lognormal"" fits two component samplers and is only available through bart2()"
"dbarts","family=twopart","","","","refused","family ""hurdle.lognormal"" fits two component samplers and is only available through bart2()"
"dbarts","family=zzz-invalid","","","","error-without-reason","'arg' should be one of “auto”, “gaussian”, “probit”, “logistic”, “aft”, “multinomial”, “ordinal”, “nbinom”, “hazard”, “hazard.probit”, “hazard.logistic”, “hurdle.lognormal”, “twopart”"
"bart2","family=auto","","","","accepted","bart len15"
"bart2","family=gaussian","","","","accepted","bart len15"
"bart2","family=probit","","","","accepted","bart len11"
"bart2","family=logistic","","","","accepted","bart len11"
"bart2","family=aft","","","","accepted","bart len16"
"bart2","family=multinomial","","","","accepted","bartMultinomial len11"
"bart2","family=ordinal","","","","accepted","bartOrdinal len15"
"bart2","family=nbinom","","","","accepted","bartNegbin len13"
"bart2","family=hazard","","","","refused","discrete-time hazard fits do not take a 'test' set; expand test subjects with survivalProbabilities(fit, times, newdata = )"
"bart2","family=hazard.probit","","","","refused","discrete-time hazard fits do not take a 'test' set; expand test subjects with survivalProbabilities(fit, times, newdata = )"
"bart2","family=hazard.logistic","","","","refused","discrete-time hazard fits do not take a 'test' set; expand test subjects with survivalProbabilities(fit, times, newdata = )"
"bart2","family=hurdle.lognormal","","","","refused","family = ""hurdle.lognormal"" does not take a 'test' set; the positive-part fit is given the full training x as its own x.test"
"bart2","family=twopart","","","","refused","family = ""hurdle.lognormal"" does not take a 'test' set; the positive-part fit is given the full training x as its own x.test"
"bart2","family=zzz-invalid","","","","error-without-reason","'arg' should be one of “auto”, “gaussian”, “probit”, “logistic”, “aft”, “multinomial”, “ordinal”, “nbinom”, “hazard”, “hazard.probit”, “hazard.logistic”, “hurdle.lognormal”, “twopart”"
"bart","family=auto","","","","accepted","bart len15"
"bart","family=logistic","","","","accepted","bart len9"
"bart","family=aft","","","","accepted","bart len16"
"bart","family=zzz-invalid","","","","error-without-reason","'arg' should be one of “auto”, “logistic”, “aft”"
"rbart_vi","family=auto","","","","accepted","rbart len18"
"rbart_vi","family=gaussian","","","","accepted","rbart len18"
"rbart_vi","family=aft","","","","refused","'x' must have the same number of observations as 'y'"
"rbart_vi","family=zzz-invalid","","","","error-without-reason","'arg' should be one of “auto”, “gaussian”, “aft”"
"xbart","family=auto","","","","accepted","numeric len2"
"xbart","family=gaussian","","","","accepted","numeric len2"
"xbart","family=probit","","","","accepted","numeric len2"
"xbart","family=logistic","","","","accepted","numeric len2"
"xbart","family=zzz-invalid","","","","error-without-reason","'arg' should be one of “auto”, “gaussian”, “probit”, “logistic”"
"dbartsSpec","family=auto","","","","accepted","list len4"
"dbartsSpec","family=gaussian","","","","accepted","list len4"
"dbartsSpec","family=probit","","","","accepted","list len4"
"dbartsSpec","family=logistic","","","","accepted","list len4"
"dbartsSpec","family=aft","","","","error-without-reason","fixture dbartsData() build failed"
"dbartsSpec","family=multinomial","","","","refused","family ""multinomial"" cannot fit a 3-level factor response; a 3+-level factor is multinomial (bart2(family = ""multinomial""))"
"dbartsSpec","family=ordinal","","","","accepted","list len4"
"dbartsSpec","family=nbinom","","","","accepted","list len4"
"dbartsSpec","family=zzz-invalid","","","","error-without-reason","'arg' should be one of “auto”, “gaussian”, “probit”, “logistic”, “aft”, “multinomial”, “ordinal”, “nbinom”"
"dbartsSpec","family=multinomial (counts-based dbartsData)","","","","accepted","list len4"
"dbartsData","family=gaussian (dbartsData has no family formal)","","","","error-without-reason","unused argument (family = ""gaussian"")"
"dbartsControl","family=gaussian (dbartsControl has no family formal)","","","","error-without-reason","unused argument (family = ""gaussian"")"
"dbarts","resid.dist=student()","","","","accepted","dbartsSampler len1  attrs=[.xData]"
"dbarts","variance=~x1","","","","accepted","dbartsSampler len1  attrs=[.xData]"
"dbarts","weights=valid","","","","accepted","dbartsSampler len1  attrs=[.xData]"
"dbarts","weights=NA","","","","refused","'weights' cannot be NA"
"dbarts","offset=valid","","","","accepted","dbartsSampler len1  attrs=[.xData]"
"dbarts","test=matrix","","","","accepted","dbartsSampler len1  attrs=[.xData]"
"dbarts","subset=half","","","","accepted","dbartsSampler len1  attrs=[.xData]"
"dbarts","control=sc(keepTrees=FALSE)","","","","accepted","dbartsSampler len1  attrs=[.xData]"
"dbarts","samplerOnly=TRUE (no such formal)","","","","error-without-reason","unused argument (samplerOnly = TRUE)"
"dbarts","n.chains=2-via-formal (no such formal)","","","","error-without-reason","unused argument (n.chains = 2)"
"dbarts","combineChains=FALSE (no such formal)","","","","error-without-reason","unused argument (combineChains = FALSE)"
"dbarts","keepSampler=TRUE (no such formal)","","","","error-without-reason","unused argument (keepSampler = TRUE)"
"dbarts","forests=list(forest())","","","","accepted","dbartsSampler len1  attrs=[.xData]"
"dbarts","family=multinomial + offset.category via dbartsData(counts=)","","","","accepted","dbartsSampler len1  attrs=[.xData]"
"dbarts","sparse predictor (sparseFactor column)","","","","accepted","dbartsSampler len1  attrs=[.xData]"
"dbarts","mixed-matrix predictor","","","","accepted","dbartsSampler len1  attrs=[.xData]"
"bart2","resid.dist=student()","","","","accepted","bart len16"
"bart2","variance=~x1","","","","accepted","bart len15"
"bart2","weights=valid","","","","accepted","bart len16"
"bart2","weights=NA","","","","refused","'weights' cannot be NA"
"bart2","offset=valid","","","","accepted","bart len15"
"bart2","test=matrix","","","","accepted","bart len15"
"bart2","subset=half","","","","accepted","bart len15"
"bart2","keepTrees=FALSE","","","","accepted","bart len15"
"bart2","keepSampler=TRUE","","","","accepted","bart len15"
"bart2","n.chains=2","","","","accepted","bart len15"
"bart2","combineChains=FALSE","","","","accepted","bart len15"
"bart2","samplerOnly=TRUE","","","","accepted","dbartsSampler len1  attrs=[.xData]"
"bart2","forests=list(forest())","","","","refused","unknown argument 'forests'"
"bart2","offset.category (no such formal, via ...)","","","","refused","unknown argument 'offset.category'"
"bart2","sparse predictor (sparseFactor column)","","","","accepted","bart len15"
"bart","resid.dist=student()","","","","accepted","bart len16"
"bart","variance=~x1 (no such formal)","","","","error-without-reason","unused argument (variance = ~x1)"
"bart","weights=valid","","","","accepted","bart len16"
"bart","weights=NA","","","","refused","'weights' cannot be NA"
"bart","offset (no such formal; binaryOffset exists instead)","","","","error-without-reason","unused argument (offset = c(0.0537160069381392, -0.0760989190891737, -0.0187824884351673, 0.00762578349711541, 0.0653245263803526, -0.159399686218384, 0.00379224004394091, 0.160220364927248, 0.0701892805755893, -0.112774640309145, -0.130623153463422, -0.061594361908546, -0.0936672466027253, -0.0142259555616115, 0.0174454915357962, 0.120433899391867, -0.107602489572753, 0.0828438663771038, 0.00646327464740637, -0.111794663544556, 0.115617137740826, 0.0633600572044867, 0.116618858976111, -0.101003419014032,  -0.215296417792162, -0.0615006039415277, 0.00534402810691388, -0.146953077903825, 0.0119234709306893, 0.0531658729532972, -0.146770126497057, 0.0872980980484137, -0.0425706790009019, -0.0561595935264798, 0.162556747810609, -0.130229450424154, 0.138797347324921, 0.00992711805802002, -0.103517757683157, 0.089451311590799))"
"bart","subset=half","","","","accepted","bart len15"
"bart","keeptrees=FALSE","","","","accepted","bart len15"
"bart","keepsampler=TRUE","","","","accepted","bart len15"
"bart","nchain=2","","","","accepted","bart len15"
"bart","combinechains=FALSE","","","","accepted","bart len15"
"bart","sampleronly=TRUE","","","","accepted","dbartsSampler len1  attrs=[.xData]"
"bart","forests= (no such formal)","","","","error-without-reason","unused argument (forests = list(list(NULL, NULL, NULL, NULL, NULL, NULL, NULL, NULL, NULL, NULL)))"
"bart","n.chains=2 (wrong-case formal name)","","","","error-without-reason","unused argument (n.chains = 2)"
"rbart_vi","resid.dist=student() (no such formal)","","","","refused","unknown argument 'resid.dist'"
"rbart_vi","variance=~x1 (no such formal)","","","","refused","unknown argument 'variance'"
"rbart_vi","weights=valid","","","","accepted","rbart len19"
"rbart_vi","weights=NA","","","","refused","'weights' cannot be NA"
"rbart_vi","offset=valid","","","","refused","vectored 'offset' cannot be directly applied to test data of unequal length"
"rbart_vi","subset=half","","","","refused","'group.by' not of length equal to that of data; check for NAs in original data, and for name collisions with 'data' argument and calling environment"
"rbart_vi","keepTrees=FALSE","","","","accepted","rbart len17"
"rbart_vi","keepSampler=TRUE","","","","accepted","rbart len18"
"rbart_vi","n.chains=2","","","","accepted","rbart len20"
"rbart_vi","combineChains=FALSE","","","","accepted","rbart len20"
"rbart_vi","samplerOnly=TRUE (no such formal)","","","","refused","unknown argument 'samplerOnly'"
"rbart_vi","forests= (no such formal)","","","","refused","unknown argument 'forests'"
"xbart","resid.dist=student() (no such formal)","","","","error-without-reason","unused argument (resid.dist = student())"
"xbart","variance=~x1 (no such formal)","","","","error-without-reason","unused argument (variance = ~x1)"
"xbart","weights=valid","","","","accepted","numeric len2"
"xbart","weights=NA","","","","refused","'weights' cannot be NA"
"xbart","offset=valid","","","","accepted","numeric len2"
"xbart","subset=half","","","","accepted","numeric len2"
"xbart","test= (no such formal)","","","","error-without-reason","unused argument (test = c(0.595096074277535, 0.14819427439943, 0.506476829992607, 0.885744070401415, 0.455042398767546, 0.260423714993522, 0.642338733421639, 0.656262686476111, 0.641489894362167, 0.423349555581808, 0.854201158042997, 0.281514967093244, 0.583356539718807, 0.750253239413723, 0.879060130799189, 0.993833311833441, 0.158522235695273, 0.920740715693682, 0.991378775564954, 0.124850039836019, 0.123793451115489, 0.00814699684269726, 0.81756231491454, 0.173982748063281, 0.0187111117411405, 0.818959545809776,  0.506258921697736, 0.901565258158371, 0.774651289917529, 0.470240096095949, 0.195295650046319, 0.539363531861454, 0.337990262778476, 0.248028404545039, 0.48253049259074, 0.207787247607484))"
"xbart","keepTrees= (no such formal)","","","","error-without-reason","unused argument (keepTrees = TRUE)"
"xbart","n.chains= (no such formal)","","","","error-without-reason","unused argument (n.chains = 2)"
"xbart","forests= (no such formal)","","","","error-without-reason","unused argument (forests = list(list(NULL, NULL, NULL, NULL, NULL, NULL, NULL, NULL, NULL, NULL)))"
"class-x-generic","bart","predict","","","exists",""
"class-x-generic","rbart","predict","","","exists",""
"class-x-generic","bartMultinomial","predict","","","exists",""
"class-x-generic","bartOrdinal","predict","","","exists",""
"class-x-generic","bartNegbin","predict","","","exists",""
"class-x-generic","bartHurdle","predict","","","exists",""
"class-x-generic","pdbart","predict","","","no-method",""
"class-x-generic","pd2bart","predict","","","no-method",""
"class-x-generic","dbartsSampler","predict","","","no-method",""
"class-x-generic","bart","extract","","","exists",""
"class-x-generic","rbart","extract","","","exists",""
"class-x-generic","bartMultinomial","extract","","","exists",""
"class-x-generic","bartOrdinal","extract","","","exists",""
"class-x-generic","bartNegbin","extract","","","exists",""
"class-x-generic","bartHurdle","extract","","","exists",""
"class-x-generic","pdbart","extract","","","no-method",""
"class-x-generic","pd2bart","extract","","","no-method",""
"class-x-generic","dbartsSampler","extract","","","exists",""
"class-x-generic","bart","fitted","","","exists",""
"class-x-generic","rbart","fitted","","","exists",""
"class-x-generic","bartMultinomial","fitted","","","exists",""
"class-x-generic","bartOrdinal","fitted","","","exists",""
"class-x-generic","bartNegbin","fitted","","","exists",""
"class-x-generic","bartHurdle","fitted","","","exists",""
"class-x-generic","pdbart","fitted","","","no-method",""
"class-x-generic","pd2bart","fitted","","","no-method",""
"class-x-generic","dbartsSampler","fitted","","","no-method",""
"class-x-generic","bart","residuals","","","exists",""
"class-x-generic","rbart","residuals","","","exists",""
"class-x-generic","bartMultinomial","residuals","","","exists",""
"class-x-generic","bartOrdinal","residuals","","","exists",""
"class-x-generic","bartNegbin","residuals","","","exists",""
"class-x-generic","bartHurdle","residuals","","","exists",""
"class-x-generic","pdbart","residuals","","","no-method",""
"class-x-generic","pd2bart","residuals","","","no-method",""
"class-x-generic","dbartsSampler","residuals","","","no-method",""
"class-x-generic","bart","summary","","","exists",""
"class-x-generic","rbart","summary","","","exists",""
"class-x-generic","bartMultinomial","summary","","","exists",""
"class-x-generic","bartOrdinal","summary","","","exists",""
"class-x-generic","bartNegbin","summary","","","exists",""
"class-x-generic","bartHurdle","summary","","","exists",""
"class-x-generic","pdbart","summary","","","no-method",""
"class-x-generic","pd2bart","summary","","","no-method",""
"class-x-generic","dbartsSampler","summary","","","no-method",""
"class-x-generic","bart","print","","","exists",""
"class-x-generic","rbart","print","","","exists",""
"class-x-generic","bartMultinomial","print","","","exists",""
"class-x-generic","bartOrdinal","print","","","exists",""
"class-x-generic","bartNegbin","print","","","exists",""
"class-x-generic","bartHurdle","print","","","exists",""
"class-x-generic","pdbart","print","","","no-method",""
"class-x-generic","pd2bart","print","","","no-method",""
"class-x-generic","dbartsSampler","print","","","no-method",""
"class-x-generic","bart","plot","","","exists",""
"class-x-generic","rbart","plot","","","exists",""
"class-x-generic","bartMultinomial","plot","","","exists",""
"class-x-generic","bartOrdinal","plot","","","no-method",""
"class-x-generic","bartNegbin","plot","","","no-method",""
"class-x-generic","bartHurdle","plot","","","no-method",""
"class-x-generic","pdbart","plot","","","exists",""
"class-x-generic","pd2bart","plot","","","exists",""
"class-x-generic","dbartsSampler","plot","","","no-method",""
"class-x-generic-extra","bart","plotTree","","","exists",""
"class-x-generic-extra","rbart","plotTree","","","exists",""
"class-x-generic-extra","bartMultinomial","plotTree","","","no-method",""
"class-x-generic-extra","bartOrdinal","plotTree","","","no-method",""
"class-x-generic-extra","bartNegbin","plotTree","","","no-method",""
"class-x-generic-extra","bartHurdle","plotTree","","","no-method",""
"class-x-generic-extra","pdbart","plotTree","","","no-method",""
"class-x-generic-extra","pd2bart","plotTree","","","no-method",""
"class-x-generic-extra","dbartsSampler","plotTree","","","exists",""
"class-x-generic-extra","bart","survivalProbabilities","","","exists",""
"class-x-generic-extra","rbart","survivalProbabilities","","","exists",""
"class-x-generic-extra","bartMultinomial","survivalProbabilities","","","no-method",""
"class-x-generic-extra","bartOrdinal","survivalProbabilities","","","no-method",""
"class-x-generic-extra","bartNegbin","survivalProbabilities","","","no-method",""
"class-x-generic-extra","bartHurdle","survivalProbabilities","","","no-method",""
"class-x-generic-extra","pdbart","survivalProbabilities","","","no-method",""
"class-x-generic-extra","pd2bart","survivalProbabilities","","","no-method",""
"class-x-generic-extra","dbartsSampler","survivalProbabilities","","","no-method",""
"class-x-generic-extra","bart","as_draws_array","","","exists",""
"class-x-generic-extra","rbart","as_draws_array","","","exists",""
"class-x-generic-extra","bartMultinomial","as_draws_array","","","no-method",""
"class-x-generic-extra","bartOrdinal","as_draws_array","","","no-method",""
"class-x-generic-extra","bartNegbin","as_draws_array","","","no-method",""
"class-x-generic-extra","bartHurdle","as_draws_array","","","no-method",""
"class-x-generic-extra","pdbart","as_draws_array","","","no-method",""
"class-x-generic-extra","pd2bart","as_draws_array","","","no-method",""
"class-x-generic-extra","dbartsSampler","as_draws_array","","","no-method",""
"class-x-generic-extra","bart","as_draws_df","","","exists",""
"class-x-generic-extra","rbart","as_draws_df","","","exists",""
"class-x-generic-extra","bartMultinomial","as_draws_df","","","no-method",""
"class-x-generic-extra","bartOrdinal","as_draws_df","","","no-method",""
"class-x-generic-extra","bartNegbin","as_draws_df","","","no-method",""
"class-x-generic-extra","bartHurdle","as_draws_df","","","no-method",""
"class-x-generic-extra","pdbart","as_draws_df","","","no-method",""
"class-x-generic-extra","pd2bart","as_draws_df","","","no-method",""
"class-x-generic-extra","dbartsSampler","as_draws_df","","","no-method",""
"bart2","family=hazard (rep, no test=)","","","","accepted","bart len12"
"bart2","family=hazard.logistic (rep, no test=)","","","","accepted","bart len12"
"bart2","family=gaussian;variance=~x1 (heteroscedastic rep)","","","","accepted","bart len15"
"bart2","family=gaussian;resid.dist=student() (rep)","","","","accepted","bart len16"
"bart2","family=auto (binary y, rep)","","","","accepted","bart len11"
"bart2","family=gaussian;n.chains=2 (rep)","","","","accepted","bart len15"
"pdbart","family=gaussian (rep)","","","","accepted","pdbart len11"
"pd2bart","family=gaussian (rep)","","","","accepted","pd2bart len11"
"fit:bart.aft","class=bart","predict","ev","","accepted","matrix/array 6x12"
"fit:bart.aft","class=bart","predict","ppd","","accepted","matrix/array 6x12"
"fit:bart.aft","class=bart","predict","bart","","accepted","matrix/array 6x12"
"fit:bart.aft","class=bart","predict","forest","","refused","type = ""forest"" is only available on a fit with per-forest reporting (an amplitude-coupled multi-forest fit); this fit has none"
"fit:bart.aft","class=bart","predict","zzz-invalid-type","","refused","type must be in 'ev', 'ppd', 'bart', 'forest'"
"fit:bart.aft","class=bart","extract","ev","train","accepted","matrix/array 6x40"
"fit:bart.aft","class=bart","extract","ev","test","accepted","matrix/array 6x12"
"fit:bart.aft","class=bart","extract","ev","zzz-invalid-sample","refused","sample must be in 'train', 'test'"
"fit:bart.aft","class=bart","extract","ppd","train","accepted","matrix/array 6x40"
"fit:bart.aft","class=bart","extract","ppd","test","accepted","matrix/array 6x12"
"fit:bart.aft","class=bart","extract","ppd","zzz-invalid-sample","refused","sample must be in 'train', 'test'"
"fit:bart.aft","class=bart","extract","bart","train","accepted","matrix/array 6x40"
"fit:bart.aft","class=bart","extract","bart","test","accepted","matrix/array 6x12"
"fit:bart.aft","class=bart","extract","bart","zzz-invalid-sample","refused","sample must be in 'train', 'test'"
"fit:bart.aft","class=bart","extract","loglik","train","accepted","matrix/array 6x40"
"fit:bart.aft","class=bart","extract","loglik","test","refused","cannot extract a test sample log-likelihood; no test response exists"
"fit:bart.aft","class=bart","extract","loglik","zzz-invalid-sample","refused","sample must be in 'train', 'test'"
"fit:bart.aft","class=bart","extract","trees","train","error-without-reason","missing value where TRUE/FALSE needed"
"fit:bart.aft","class=bart","extract","trees","test","error-without-reason","missing value where TRUE/FALSE needed"
"fit:bart.aft","class=bart","extract","trees","zzz-invalid-sample","error-without-reason","missing value where TRUE/FALSE needed"
"fit:bart.aft","class=bart","extract","forest","train","refused","type = ""forest"" is only available on a fit with per-forest reporting (an amplitude-coupled multi-forest fit); this fit has none"
"fit:bart.aft","class=bart","extract","forest","test","refused","type = ""forest"" is only available on a fit with per-forest reporting (an amplitude-coupled multi-forest fit); this fit has none"
"fit:bart.aft","class=bart","extract","forest","zzz-invalid-sample","refused","sample must be in 'train', 'test'"
"fit:bart.aft","class=bart","extract","zzz-invalid-type","train","refused","type must be in 'ev', 'ppd', 'bart', 'loglik', 'trees', 'forest'"
"fit:bart.aft","class=bart","extract","zzz-invalid-type","test","refused","type must be in 'ev', 'ppd', 'bart', 'loglik', 'trees', 'forest'"
"fit:bart.aft","class=bart","extract","zzz-invalid-type","zzz-invalid-sample","refused","type must be in 'ev', 'ppd', 'bart', 'loglik', 'trees', 'forest'"
"fit:bart.aft","class=bart","fitted","ev","train","accepted","numeric len40"
"fit:bart.aft","class=bart","fitted","ev","test","accepted","numeric len12"
"fit:bart.aft","class=bart","fitted","ev","zzz-invalid-sample","refused","sample must be in 'train', 'test'"
"fit:bart.aft","class=bart","fitted","ppd","train","accepted","numeric len40"
"fit:bart.aft","class=bart","fitted","ppd","test","accepted","numeric len12"
"fit:bart.aft","class=bart","fitted","ppd","zzz-invalid-sample","refused","sample must be in 'train', 'test'"
"fit:bart.aft","class=bart","fitted","bart","train","accepted","numeric len40"
"fit:bart.aft","class=bart","fitted","bart","test","accepted","numeric len12"
"fit:bart.aft","class=bart","fitted","bart","zzz-invalid-sample","refused","sample must be in 'train', 'test'"
"fit:bart.aft","class=bart","fitted","zzz-invalid-type","train","refused","type must be in 'ev', 'ppd', 'bart'"
"fit:bart.aft","class=bart","fitted","zzz-invalid-type","test","refused","type must be in 'ev', 'ppd', 'bart'"
"fit:bart.aft","class=bart","fitted","zzz-invalid-type","zzz-invalid-sample","refused","type must be in 'ev', 'ppd', 'bart'"
"fit:bart.aft","class=bart","residuals","ev","","accepted","numeric len40"
"fit:bart.aft","class=bart","residuals","zzz-invalid-type","","refused","type must be in 'ev', 'ppd', 'bart'"
"fit:bart.aft","class=bart","summary","","","accepted","summary.bart len3"
"fit:bart.aft","class=bart","print","","","accepted","bart len16"
"fit:bart.aft","class=bart","plot","","","accepted","NULL len0"
"fit:bart.aft","class=bart","plotTree","","","accepted","NULL len0"
"fit:bart.aft","class=bart","survivalProbabilities","","","accepted","array 6x3x12"
"fit:bart.aft","class=bart","as_draws_array","","","accepted","draws_array/draws/array 6x1x1 dimnames=[{1,2,3,...},{1},{sigma}]"
"fit:bart.aft","class=bart","as_draws_df","","","accepted","draws_df/draws/tbl_df/tbl/data.frame 6x4 dimnames=[{1,2,3,...},{sigma,.chain,.iteration,...}] attrs=[row.names]"
"fit:bart.auto.binary","class=bart","predict","ev","","accepted","matrix/array 6x12"
"fit:bart.auto.binary","class=bart","predict","ppd","","accepted","matrix/array 6x12 dimnames=[NULL,NULL]"
"fit:bart.auto.binary","class=bart","predict","bart","","accepted","matrix/array 6x12"
"fit:bart.auto.binary","class=bart","predict","forest","","refused","type = ""forest"" is only available on a fit with per-forest reporting (an amplitude-coupled multi-forest fit); this fit has none"
"fit:bart.auto.binary","class=bart","predict","zzz-invalid-type","","refused","type must be in 'ev', 'ppd', 'bart', 'forest'"
"fit:bart.auto.binary","class=bart","extract","ev","train","accepted","matrix/array 6x40"
"fit:bart.auto.binary","class=bart","extract","ev","test","accepted","matrix/array 6x12"
"fit:bart.auto.binary","class=bart","extract","ev","zzz-invalid-sample","refused","sample must be in 'train', 'test'"
"fit:bart.auto.binary","class=bart","extract","ppd","train","accepted","matrix/array 6x40 dimnames=[NULL,NULL]"
"fit:bart.auto.binary","class=bart","extract","ppd","test","accepted","matrix/array 6x12 dimnames=[NULL,NULL]"
"fit:bart.auto.binary","class=bart","extract","ppd","zzz-invalid-sample","refused","sample must be in 'train', 'test'"
"fit:bart.auto.binary","class=bart","extract","bart","train","accepted","matrix/array 6x40"
"fit:bart.auto.binary","class=bart","extract","bart","test","accepted","matrix/array 6x12"
"fit:bart.auto.binary","class=bart","extract","bart","zzz-invalid-sample","refused","sample must be in 'train', 'test'"
"fit:bart.auto.binary","class=bart","extract","loglik","train","accepted","matrix/array 6x40"
"fit:bart.auto.binary","class=bart","extract","loglik","test","refused","cannot extract a test sample log-likelihood; no test response exists"
"fit:bart.auto.binary","class=bart","extract","loglik","zzz-invalid-sample","refused","sample must be in 'train', 'test'"
"fit:bart.auto.binary","class=bart","extract","trees","train","error-without-reason","missing value where TRUE/FALSE needed"
"fit:bart.auto.binary","class=bart","extract","trees","test","error-without-reason","missing value where TRUE/FALSE needed"
"fit:bart.auto.binary","class=bart","extract","trees","zzz-invalid-sample","error-without-reason","missing value where TRUE/FALSE needed"
"fit:bart.auto.binary","class=bart","extract","forest","train","refused","type = ""forest"" is only available on a fit with per-forest reporting (an amplitude-coupled multi-forest fit); this fit has none"
"fit:bart.auto.binary","class=bart","extract","forest","test","refused","type = ""forest"" is only available on a fit with per-forest reporting (an amplitude-coupled multi-forest fit); this fit has none"
"fit:bart.auto.binary","class=bart","extract","forest","zzz-invalid-sample","refused","sample must be in 'train', 'test'"
"fit:bart.auto.binary","class=bart","extract","zzz-invalid-type","train","refused","type must be in 'ev', 'ppd', 'bart', 'loglik', 'trees', 'forest'"
"fit:bart.auto.binary","class=bart","extract","zzz-invalid-type","test","refused","type must be in 'ev', 'ppd', 'bart', 'loglik', 'trees', 'forest'"
"fit:bart.auto.binary","class=bart","extract","zzz-invalid-type","zzz-invalid-sample","refused","type must be in 'ev', 'ppd', 'bart', 'loglik', 'trees', 'forest'"
"fit:bart.auto.binary","class=bart","fitted","ev","train","accepted","numeric len40"
"fit:bart.auto.binary","class=bart","fitted","ev","test","accepted","numeric len12"
"fit:bart.auto.binary","class=bart","fitted","ev","zzz-invalid-sample","refused","sample must be in 'train', 'test'"
"fit:bart.auto.binary","class=bart","fitted","ppd","train","accepted","numeric len40"
"fit:bart.auto.binary","class=bart","fitted","ppd","test","accepted","numeric len12"
"fit:bart.auto.binary","class=bart","fitted","ppd","zzz-invalid-sample","refused","sample must be in 'train', 'test'"
"fit:bart.auto.binary","class=bart","fitted","bart","train","accepted","numeric len40"
"fit:bart.auto.binary","class=bart","fitted","bart","test","accepted","numeric len12"
"fit:bart.auto.binary","class=bart","fitted","bart","zzz-invalid-sample","refused","sample must be in 'train', 'test'"
"fit:bart.auto.binary","class=bart","fitted","zzz-invalid-type","train","refused","type must be in 'ev', 'ppd', 'bart'"
"fit:bart.auto.binary","class=bart","fitted","zzz-invalid-type","test","refused","type must be in 'ev', 'ppd', 'bart'"
"fit:bart.auto.binary","class=bart","fitted","zzz-invalid-type","zzz-invalid-sample","refused","type must be in 'ev', 'ppd', 'bart'"
"fit:bart.auto.binary","class=bart","residuals","ev","","accepted","numeric len40"
"fit:bart.auto.binary","class=bart","residuals","zzz-invalid-type","","refused","type must be in 'ev', 'ppd', 'bart'"
"fit:bart.auto.binary","class=bart","summary","","","accepted","summary.bart len3"
"fit:bart.auto.binary","class=bart","print","","","accepted","bart len11"
"fit:bart.auto.binary","class=bart","plot","","","accepted","NULL len0"
"fit:bart.auto.binary","class=bart","plotTree","","","accepted","NULL len0"
"fit:bart.auto.binary","class=bart","survivalProbabilities","","","refused","survivalProbabilities requires an aft (survival) fit"
"fit:bart.auto.binary","class=bart","as_draws_array","","","accepted","draws_array/draws/array 6x1x1 dimnames=[{1,2,3,...},{1},{k}]"
"fit:bart.auto.binary","class=bart","as_draws_df","","","accepted","draws_df/draws/tbl_df/tbl/data.frame 6x4 dimnames=[{1,2,3,...},{k,.chain,.iteration,...}] attrs=[row.names]"
"fit:bart.gaussian","class=bart","predict","ev","","accepted","matrix/array 6x12"
"fit:bart.gaussian","class=bart","predict","ppd","","accepted","matrix/array 6x12"
"fit:bart.gaussian","class=bart","predict","bart","","accepted","matrix/array 6x12"
"fit:bart.gaussian","class=bart","predict","forest","","refused","type = ""forest"" is only available on a fit with per-forest reporting (an amplitude-coupled multi-forest fit); this fit has none"
"fit:bart.gaussian","class=bart","predict","zzz-invalid-type","","refused","type must be in 'ev', 'ppd', 'bart', 'forest'"
"fit:bart.gaussian","class=bart","extract","ev","train","accepted","matrix/array 6x40"
"fit:bart.gaussian","class=bart","extract","ev","test","accepted","matrix/array 6x12"
"fit:bart.gaussian","class=bart","extract","ev","zzz-invalid-sample","refused","sample must be in 'train', 'test'"
"fit:bart.gaussian","class=bart","extract","ppd","train","accepted","matrix/array 6x40"
"fit:bart.gaussian","class=bart","extract","ppd","test","accepted","matrix/array 6x12"
"fit:bart.gaussian","class=bart","extract","ppd","zzz-invalid-sample","refused","sample must be in 'train', 'test'"
"fit:bart.gaussian","class=bart","extract","bart","train","accepted","matrix/array 6x40"
"fit:bart.gaussian","class=bart","extract","bart","test","accepted","matrix/array 6x12"
"fit:bart.gaussian","class=bart","extract","bart","zzz-invalid-sample","refused","sample must be in 'train', 'test'"
"fit:bart.gaussian","class=bart","extract","loglik","train","accepted","matrix/array 6x40"
"fit:bart.gaussian","class=bart","extract","loglik","test","refused","cannot extract a test sample log-likelihood; no test response exists"
"fit:bart.gaussian","class=bart","extract","loglik","zzz-invalid-sample","refused","sample must be in 'train', 'test'"
"fit:bart.gaussian","class=bart","extract","trees","train","error-without-reason","missing value where TRUE/FALSE needed"
"fit:bart.gaussian","class=bart","extract","trees","test","error-without-reason","missing value where TRUE/FALSE needed"
"fit:bart.gaussian","class=bart","extract","trees","zzz-invalid-sample","error-without-reason","missing value where TRUE/FALSE needed"
"fit:bart.gaussian","class=bart","extract","forest","train","refused","type = ""forest"" is only available on a fit with per-forest reporting (an amplitude-coupled multi-forest fit); this fit has none"
"fit:bart.gaussian","class=bart","extract","forest","test","refused","type = ""forest"" is only available on a fit with per-forest reporting (an amplitude-coupled multi-forest fit); this fit has none"
"fit:bart.gaussian","class=bart","extract","forest","zzz-invalid-sample","refused","sample must be in 'train', 'test'"
"fit:bart.gaussian","class=bart","extract","zzz-invalid-type","train","refused","type must be in 'ev', 'ppd', 'bart', 'loglik', 'trees', 'forest'"
"fit:bart.gaussian","class=bart","extract","zzz-invalid-type","test","refused","type must be in 'ev', 'ppd', 'bart', 'loglik', 'trees', 'forest'"
"fit:bart.gaussian","class=bart","extract","zzz-invalid-type","zzz-invalid-sample","refused","type must be in 'ev', 'ppd', 'bart', 'loglik', 'trees', 'forest'"
"fit:bart.gaussian","class=bart","fitted","ev","train","accepted","numeric len40"
"fit:bart.gaussian","class=bart","fitted","ev","test","accepted","numeric len12"
"fit:bart.gaussian","class=bart","fitted","ev","zzz-invalid-sample","refused","sample must be in 'train', 'test'"
"fit:bart.gaussian","class=bart","fitted","ppd","train","accepted","numeric len40"
"fit:bart.gaussian","class=bart","fitted","ppd","test","accepted","numeric len12"
"fit:bart.gaussian","class=bart","fitted","ppd","zzz-invalid-sample","refused","sample must be in 'train', 'test'"
"fit:bart.gaussian","class=bart","fitted","bart","train","accepted","numeric len40"
"fit:bart.gaussian","class=bart","fitted","bart","test","accepted","numeric len12"
"fit:bart.gaussian","class=bart","fitted","bart","zzz-invalid-sample","refused","sample must be in 'train', 'test'"
"fit:bart.gaussian","class=bart","fitted","zzz-invalid-type","train","refused","type must be in 'ev', 'ppd', 'bart'"
"fit:bart.gaussian","class=bart","fitted","zzz-invalid-type","test","refused","type must be in 'ev', 'ppd', 'bart'"
"fit:bart.gaussian","class=bart","fitted","zzz-invalid-type","zzz-invalid-sample","refused","type must be in 'ev', 'ppd', 'bart'"
"fit:bart.gaussian","class=bart","residuals","ev","","accepted","numeric len40"
"fit:bart.gaussian","class=bart","residuals","zzz-invalid-type","","refused","type must be in 'ev', 'ppd', 'bart'"
"fit:bart.gaussian","class=bart","summary","","","accepted","summary.bart len3"
"fit:bart.gaussian","class=bart","print","","","accepted","bart len15"
"fit:bart.gaussian","class=bart","plot","","","accepted","NULL len0"
"fit:bart.gaussian","class=bart","plotTree","","","accepted","NULL len0"
"fit:bart.gaussian","class=bart","survivalProbabilities","","","refused","survivalProbabilities requires an aft (survival) fit"
"fit:bart.gaussian","class=bart","as_draws_array","","","accepted","draws_array/draws/array 6x1x1 dimnames=[{1,2,3,...},{1},{sigma}]"
"fit:bart.gaussian","class=bart","as_draws_df","","","accepted","draws_df/draws/tbl_df/tbl/data.frame 6x4 dimnames=[{1,2,3,...},{sigma,.chain,.iteration,...}] attrs=[row.names]"
"fit:bart.hazard","class=bart","predict","ev","","refused","number of columns in 'test' must be equal to that of 'x'"
"fit:bart.hazard","class=bart","predict","ppd","","refused","number of columns in 'test' must be equal to that of 'x'"
"fit:bart.hazard","class=bart","predict","bart","","refused","number of columns in 'test' must be equal to that of 'x'"
"fit:bart.hazard","class=bart","predict","forest","","refused","type = ""forest"" is only available on a fit with per-forest reporting (an amplitude-coupled multi-forest fit); this fit has none"
"fit:bart.hazard","class=bart","predict","zzz-invalid-type","","refused","type must be in 'ev', 'ppd', 'bart', 'forest'"
"fit:bart.hazard","class=bart","extract","ev","train","accepted","matrix/array 6x820"
"fit:bart.hazard","class=bart","extract","ev","test","refused","cannot extract test sample predictions if no test data exists; use 'predict' instead"
"fit:bart.hazard","class=bart","extract","ev","zzz-invalid-sample","refused","sample must be in 'train', 'test'"
"fit:bart.hazard","class=bart","extract","ppd","train","accepted","matrix/array 6x820 dimnames=[NULL,NULL]"
"fit:bart.hazard","class=bart","extract","ppd","test","refused","cannot extract test sample predictions if no test data exists; use 'predict' instead"
"fit:bart.hazard","class=bart","extract","ppd","zzz-invalid-sample","refused","sample must be in 'train', 'test'"
"fit:bart.hazard","class=bart","extract","bart","train","accepted","matrix/array 6x820"
"fit:bart.hazard","class=bart","extract","bart","test","refused","cannot extract test sample predictions if no test data exists; use 'predict' instead"
"fit:bart.hazard","class=bart","extract","bart","zzz-invalid-sample","refused","sample must be in 'train', 'test'"
"fit:bart.hazard","class=bart","extract","loglik","train","accepted","matrix/array 6x820"
"fit:bart.hazard","class=bart","extract","loglik","test","refused","cannot extract a test sample log-likelihood; no test response exists"
"fit:bart.hazard","class=bart","extract","loglik","zzz-invalid-sample","refused","sample must be in 'train', 'test'"
"fit:bart.hazard","class=bart","extract","trees","train","error-without-reason","missing value where TRUE/FALSE needed"
"fit:bart.hazard","class=bart","extract","trees","test","error-without-reason","missing value where TRUE/FALSE needed"
"fit:bart.hazard","class=bart","extract","trees","zzz-invalid-sample","error-without-reason","missing value where TRUE/FALSE needed"
"fit:bart.hazard","class=bart","extract","forest","train","refused","type = ""forest"" is only available on a fit with per-forest reporting (an amplitude-coupled multi-forest fit); this fit has none"
"fit:bart.hazard","class=bart","extract","forest","test","refused","type = ""forest"" is only available on a fit with per-forest reporting (an amplitude-coupled multi-forest fit); this fit has none"
"fit:bart.hazard","class=bart","extract","forest","zzz-invalid-sample","refused","sample must be in 'train', 'test'"
"fit:bart.hazard","class=bart","extract","zzz-invalid-type","train","refused","type must be in 'ev', 'ppd', 'bart', 'loglik', 'trees', 'forest'"
"fit:bart.hazard","class=bart","extract","zzz-invalid-type","test","refused","type must be in 'ev', 'ppd', 'bart', 'loglik', 'trees', 'forest'"
"fit:bart.hazard","class=bart","extract","zzz-invalid-type","zzz-invalid-sample","refused","type must be in 'ev', 'ppd', 'bart', 'loglik', 'trees', 'forest'"
"fit:bart.hazard","class=bart","fitted","ev","train","accepted","numeric len820"
"fit:bart.hazard","class=bart","fitted","ev","test","refused","cannot extract test sample predictions if no test data exists; use 'predict' instead"
"fit:bart.hazard","class=bart","fitted","ev","zzz-invalid-sample","refused","sample must be in 'train', 'test'"
"fit:bart.hazard","class=bart","fitted","ppd","train","accepted","numeric len820"
"fit:bart.hazard","class=bart","fitted","ppd","test","refused","cannot extract test sample predictions if no test data exists; use 'predict' instead"
"fit:bart.hazard","class=bart","fitted","ppd","zzz-invalid-sample","refused","sample must be in 'train', 'test'"
"fit:bart.hazard","class=bart","fitted","bart","train","accepted","numeric len820"
"fit:bart.hazard","class=bart","fitted","bart","test","refused","cannot extract test sample predictions if no test data exists; use 'predict' instead"
"fit:bart.hazard","class=bart","fitted","bart","zzz-invalid-sample","refused","sample must be in 'train', 'test'"
"fit:bart.hazard","class=bart","fitted","zzz-invalid-type","train","refused","type must be in 'ev', 'ppd', 'bart'"
"fit:bart.hazard","class=bart","fitted","zzz-invalid-type","test","refused","type must be in 'ev', 'ppd', 'bart'"
"fit:bart.hazard","class=bart","fitted","zzz-invalid-type","zzz-invalid-sample","refused","type must be in 'ev', 'ppd', 'bart'"
"fit:bart.hazard","class=bart","residuals","ev","","accepted","numeric len820"
"fit:bart.hazard","class=bart","residuals","zzz-invalid-type","","refused","type must be in 'ev', 'ppd', 'bart'"
"fit:bart.hazard","class=bart","summary","","","accepted","summary.bart len3"
"fit:bart.hazard","class=bart","print","","","accepted","bart len12"
"fit:bart.hazard","class=bart","plot","","","accepted","NULL len0"
"fit:bart.hazard","class=bart","plotTree","","","accepted","NULL len0"
"fit:bart.hazard","class=bart","survivalProbabilities","","","refused","column names of 'test' do not match those of 'x': 'period' present in 'x' but not in 'test' (whose columns are 'x1, x2, x3, ')"
"fit:bart.hazard","class=bart","as_draws_array","","","accepted","draws_array/draws/array 6x1x1 dimnames=[{1,2,3,...},{1},{k}]"
"fit:bart.hazard","class=bart","as_draws_df","","","accepted","draws_df/draws/tbl_df/tbl/data.frame 6x4 dimnames=[{1,2,3,...},{k,.chain,.iteration,...}] attrs=[row.names]"
"fit:bart.hazard.logistic","class=bart","predict","ev","","refused","number of columns in 'test' must be equal to that of 'x'"
"fit:bart.hazard.logistic","class=bart","predict","ppd","","refused","number of columns in 'test' must be equal to that of 'x'"
"fit:bart.hazard.logistic","class=bart","predict","bart","","refused","number of columns in 'test' must be equal to that of 'x'"
"fit:bart.hazard.logistic","class=bart","predict","forest","","refused","type = ""forest"" is only available on a fit with per-forest reporting (an amplitude-coupled multi-forest fit); this fit has none"
"fit:bart.hazard.logistic","class=bart","predict","zzz-invalid-type","","refused","type must be in 'ev', 'ppd', 'bart', 'forest'"
"fit:bart.hazard.logistic","class=bart","extract","ev","train","accepted","matrix/array 6x820"
"fit:bart.hazard.logistic","class=bart","extract","ev","test","refused","cannot extract test sample predictions if no test data exists; use 'predict' instead"
"fit:bart.hazard.logistic","class=bart","extract","ev","zzz-invalid-sample","refused","sample must be in 'train', 'test'"
"fit:bart.hazard.logistic","class=bart","extract","ppd","train","accepted","matrix/array 6x820 dimnames=[NULL,NULL]"
"fit:bart.hazard.logistic","class=bart","extract","ppd","test","refused","cannot extract test sample predictions if no test data exists; use 'predict' instead"
"fit:bart.hazard.logistic","class=bart","extract","ppd","zzz-invalid-sample","refused","sample must be in 'train', 'test'"
"fit:bart.hazard.logistic","class=bart","extract","bart","train","accepted","matrix/array 6x820"
"fit:bart.hazard.logistic","class=bart","extract","bart","test","refused","cannot extract test sample predictions if no test data exists; use 'predict' instead"
"fit:bart.hazard.logistic","class=bart","extract","bart","zzz-invalid-sample","refused","sample must be in 'train', 'test'"
"fit:bart.hazard.logistic","class=bart","extract","loglik","train","accepted","matrix/array 6x820"
"fit:bart.hazard.logistic","class=bart","extract","loglik","test","refused","cannot extract a test sample log-likelihood; no test response exists"
"fit:bart.hazard.logistic","class=bart","extract","loglik","zzz-invalid-sample","refused","sample must be in 'train', 'test'"
"fit:bart.hazard.logistic","class=bart","extract","trees","train","error-without-reason","missing value where TRUE/FALSE needed"
"fit:bart.hazard.logistic","class=bart","extract","trees","test","error-without-reason","missing value where TRUE/FALSE needed"
"fit:bart.hazard.logistic","class=bart","extract","trees","zzz-invalid-sample","error-without-reason","missing value where TRUE/FALSE needed"
"fit:bart.hazard.logistic","class=bart","extract","forest","train","refused","type = ""forest"" is only available on a fit with per-forest reporting (an amplitude-coupled multi-forest fit); this fit has none"
"fit:bart.hazard.logistic","class=bart","extract","forest","test","refused","type = ""forest"" is only available on a fit with per-forest reporting (an amplitude-coupled multi-forest fit); this fit has none"
"fit:bart.hazard.logistic","class=bart","extract","forest","zzz-invalid-sample","refused","sample must be in 'train', 'test'"
"fit:bart.hazard.logistic","class=bart","extract","zzz-invalid-type","train","refused","type must be in 'ev', 'ppd', 'bart', 'loglik', 'trees', 'forest'"
"fit:bart.hazard.logistic","class=bart","extract","zzz-invalid-type","test","refused","type must be in 'ev', 'ppd', 'bart', 'loglik', 'trees', 'forest'"
"fit:bart.hazard.logistic","class=bart","extract","zzz-invalid-type","zzz-invalid-sample","refused","type must be in 'ev', 'ppd', 'bart', 'loglik', 'trees', 'forest'"
"fit:bart.hazard.logistic","class=bart","fitted","ev","train","accepted","numeric len820"
"fit:bart.hazard.logistic","class=bart","fitted","ev","test","refused","cannot extract test sample predictions if no test data exists; use 'predict' instead"
"fit:bart.hazard.logistic","class=bart","fitted","ev","zzz-invalid-sample","refused","sample must be in 'train', 'test'"
"fit:bart.hazard.logistic","class=bart","fitted","ppd","train","accepted","numeric len820"
"fit:bart.hazard.logistic","class=bart","fitted","ppd","test","refused","cannot extract test sample predictions if no test data exists; use 'predict' instead"
"fit:bart.hazard.logistic","class=bart","fitted","ppd","zzz-invalid-sample","refused","sample must be in 'train', 'test'"
"fit:bart.hazard.logistic","class=bart","fitted","bart","train","accepted","numeric len820"
"fit:bart.hazard.logistic","class=bart","fitted","bart","test","refused","cannot extract test sample predictions if no test data exists; use 'predict' instead"
"fit:bart.hazard.logistic","class=bart","fitted","bart","zzz-invalid-sample","refused","sample must be in 'train', 'test'"
"fit:bart.hazard.logistic","class=bart","fitted","zzz-invalid-type","train","refused","type must be in 'ev', 'ppd', 'bart'"
"fit:bart.hazard.logistic","class=bart","fitted","zzz-invalid-type","test","refused","type must be in 'ev', 'ppd', 'bart'"
"fit:bart.hazard.logistic","class=bart","fitted","zzz-invalid-type","zzz-invalid-sample","refused","type must be in 'ev', 'ppd', 'bart'"
"fit:bart.hazard.logistic","class=bart","residuals","ev","","accepted","numeric len820"
"fit:bart.hazard.logistic","class=bart","residuals","zzz-invalid-type","","refused","type must be in 'ev', 'ppd', 'bart'"
"fit:bart.hazard.logistic","class=bart","summary","","","accepted","summary.bart len3"
"fit:bart.hazard.logistic","class=bart","print","","","accepted","bart len12"
"fit:bart.hazard.logistic","class=bart","plot","","","accepted","NULL len0"
"fit:bart.hazard.logistic","class=bart","plotTree","","","accepted","NULL len0"
"fit:bart.hazard.logistic","class=bart","survivalProbabilities","","","refused","column names of 'test' do not match those of 'x': 'period' present in 'x' but not in 'test' (whose columns are 'x1, x2, x3, ')"
"fit:bart.hazard.logistic","class=bart","as_draws_array","","","accepted","draws_array/draws/array 6x1x1 dimnames=[{1,2,3,...},{1},{k}]"
"fit:bart.hazard.logistic","class=bart","as_draws_df","","","accepted","draws_df/draws/tbl_df/tbl/data.frame 6x4 dimnames=[{1,2,3,...},{k,.chain,.iteration,...}] attrs=[row.names]"
"fit:bart.heteroscedastic","class=bart","predict","ev","","accepted","matrix/array 6x12  attrs=[s]"
"fit:bart.heteroscedastic","class=bart","predict","ppd","","accepted","matrix/array 6x12  attrs=[s]"
"fit:bart.heteroscedastic","class=bart","predict","bart","","accepted","matrix/array 6x12  attrs=[s]"
"fit:bart.heteroscedastic","class=bart","predict","forest","","refused","type = ""forest"" is only available on a fit with per-forest reporting (an amplitude-coupled multi-forest fit); this fit has none"
"fit:bart.heteroscedastic","class=bart","predict","zzz-invalid-type","","refused","type must be in 'ev', 'ppd', 'bart', 'forest'"
"fit:bart.heteroscedastic","class=bart","extract","ev","train","accepted","matrix/array 6x40"
"fit:bart.heteroscedastic","class=bart","extract","ev","test","accepted","matrix/array 6x12"
"fit:bart.heteroscedastic","class=bart","extract","ev","zzz-invalid-sample","refused","sample must be in 'train', 'test'"
"fit:bart.heteroscedastic","class=bart","extract","ppd","train","accepted","matrix/array 6x40"
"fit:bart.heteroscedastic","class=bart","extract","ppd","test","accepted","matrix/array 6x12"
"fit:bart.heteroscedastic","class=bart","extract","ppd","zzz-invalid-sample","refused","sample must be in 'train', 'test'"
"fit:bart.heteroscedastic","class=bart","extract","bart","train","accepted","matrix/array 6x40"
"fit:bart.heteroscedastic","class=bart","extract","bart","test","accepted","matrix/array 6x12"
"fit:bart.heteroscedastic","class=bart","extract","bart","zzz-invalid-sample","refused","sample must be in 'train', 'test'"
"fit:bart.heteroscedastic","class=bart","extract","loglik","train","accepted","matrix/array 6x40"
"fit:bart.heteroscedastic","class=bart","extract","loglik","test","refused","cannot extract a test sample log-likelihood; no test response exists"
"fit:bart.heteroscedastic","class=bart","extract","loglik","zzz-invalid-sample","refused","sample must be in 'train', 'test'"
"fit:bart.heteroscedastic","class=bart","extract","trees","train","error-without-reason","missing value where TRUE/FALSE needed"
"fit:bart.heteroscedastic","class=bart","extract","trees","test","error-without-reason","missing value where TRUE/FALSE needed"
"fit:bart.heteroscedastic","class=bart","extract","trees","zzz-invalid-sample","error-without-reason","missing value where TRUE/FALSE needed"
"fit:bart.heteroscedastic","class=bart","extract","forest","train","refused","type = ""forest"" is only available on a fit with per-forest reporting (an amplitude-coupled multi-forest fit); this fit has none"
"fit:bart.heteroscedastic","class=bart","extract","forest","test","refused","type = ""forest"" is only available on a fit with per-forest reporting (an amplitude-coupled multi-forest fit); this fit has none"
"fit:bart.heteroscedastic","class=bart","extract","forest","zzz-invalid-sample","refused","sample must be in 'train', 'test'"
"fit:bart.heteroscedastic","class=bart","extract","zzz-invalid-type","train","refused","type must be in 'ev', 'ppd', 'bart', 'loglik', 'trees', 'forest'"
"fit:bart.heteroscedastic","class=bart","extract","zzz-invalid-type","test","refused","type must be in 'ev', 'ppd', 'bart', 'loglik', 'trees', 'forest'"
"fit:bart.heteroscedastic","class=bart","extract","zzz-invalid-type","zzz-invalid-sample","refused","type must be in 'ev', 'ppd', 'bart', 'loglik', 'trees', 'forest'"
"fit:bart.heteroscedastic","class=bart","fitted","ev","train","accepted","numeric len40"
"fit:bart.heteroscedastic","class=bart","fitted","ev","test","accepted","numeric len12"
"fit:bart.heteroscedastic","class=bart","fitted","ev","zzz-invalid-sample","refused","sample must be in 'train', 'test'"
"fit:bart.heteroscedastic","class=bart","fitted","ppd","train","accepted","numeric len40"
"fit:bart.heteroscedastic","class=bart","fitted","ppd","test","accepted","numeric len12"
"fit:bart.heteroscedastic","class=bart","fitted","ppd","zzz-invalid-sample","refused","sample must be in 'train', 'test'"
"fit:bart.heteroscedastic","class=bart","fitted","bart","train","accepted","numeric len40"
"fit:bart.heteroscedastic","class=bart","fitted","bart","test","accepted","numeric len12"
"fit:bart.heteroscedastic","class=bart","fitted","bart","zzz-invalid-sample","refused","sample must be in 'train', 'test'"
"fit:bart.heteroscedastic","class=bart","fitted","zzz-invalid-type","train","refused","type must be in 'ev', 'ppd', 'bart'"
"fit:bart.heteroscedastic","class=bart","fitted","zzz-invalid-type","test","refused","type must be in 'ev', 'ppd', 'bart'"
"fit:bart.heteroscedastic","class=bart","fitted","zzz-invalid-type","zzz-invalid-sample","refused","type must be in 'ev', 'ppd', 'bart'"
"fit:bart.heteroscedastic","class=bart","residuals","ev","","accepted","numeric len40"
"fit:bart.heteroscedastic","class=bart","residuals","zzz-invalid-type","","refused","type must be in 'ev', 'ppd', 'bart'"
"fit:bart.heteroscedastic","class=bart","summary","","","accepted","summary.bart len3"
"fit:bart.heteroscedastic","class=bart","print","","","accepted","bart len15"
"fit:bart.heteroscedastic","class=bart","plot","","","accepted","NULL len0"
"fit:bart.heteroscedastic","class=bart","plotTree","","","accepted","NULL len0"
"fit:bart.heteroscedastic","class=bart","survivalProbabilities","","","refused","survivalProbabilities requires an aft (survival) fit"
"fit:bart.heteroscedastic","class=bart","as_draws_array","","","accepted","draws_array/draws/array 6x1x1 dimnames=[{1,2,3,...},{1},{mean.s}]"
"fit:bart.heteroscedastic","class=bart","as_draws_df","","","accepted","draws_df/draws/tbl_df/tbl/data.frame 6x4 dimnames=[{1,2,3,...},{mean.s,.chain,.iteration,...}] attrs=[row.names]"
"fit:bart.logistic","class=bart","predict","ev","","accepted","matrix/array 6x12"
"fit:bart.logistic","class=bart","predict","ppd","","accepted","matrix/array 6x12 dimnames=[NULL,NULL]"
"fit:bart.logistic","class=bart","predict","bart","","accepted","matrix/array 6x12"
"fit:bart.logistic","class=bart","predict","forest","","refused","type = ""forest"" is only available on a fit with per-forest reporting (an amplitude-coupled multi-forest fit); this fit has none"
"fit:bart.logistic","class=bart","predict","zzz-invalid-type","","refused","type must be in 'ev', 'ppd', 'bart', 'forest'"
"fit:bart.logistic","class=bart","extract","ev","train","accepted","matrix/array 6x40"
"fit:bart.logistic","class=bart","extract","ev","test","accepted","matrix/array 6x12"
"fit:bart.logistic","class=bart","extract","ev","zzz-invalid-sample","refused","sample must be in 'train', 'test'"
"fit:bart.logistic","class=bart","extract","ppd","train","accepted","matrix/array 6x40 dimnames=[NULL,NULL]"
"fit:bart.logistic","class=bart","extract","ppd","test","accepted","matrix/array 6x12 dimnames=[NULL,NULL]"
"fit:bart.logistic","class=bart","extract","ppd","zzz-invalid-sample","refused","sample must be in 'train', 'test'"
"fit:bart.logistic","class=bart","extract","bart","train","accepted","matrix/array 6x40"
"fit:bart.logistic","class=bart","extract","bart","test","accepted","matrix/array 6x12"
"fit:bart.logistic","class=bart","extract","bart","zzz-invalid-sample","refused","sample must be in 'train', 'test'"
"fit:bart.logistic","class=bart","extract","loglik","train","accepted","matrix/array 6x40"
"fit:bart.logistic","class=bart","extract","loglik","test","refused","cannot extract a test sample log-likelihood; no test response exists"
"fit:bart.logistic","class=bart","extract","loglik","zzz-invalid-sample","refused","sample must be in 'train', 'test'"
"fit:bart.logistic","class=bart","extract","trees","train","error-without-reason","missing value where TRUE/FALSE needed"
"fit:bart.logistic","class=bart","extract","trees","test","error-without-reason","missing value where TRUE/FALSE needed"
"fit:bart.logistic","class=bart","extract","trees","zzz-invalid-sample","error-without-reason","missing value where TRUE/FALSE needed"
"fit:bart.logistic","class=bart","extract","forest","train","refused","type = ""forest"" is only available on a fit with per-forest reporting (an amplitude-coupled multi-forest fit); this fit has none"
"fit:bart.logistic","class=bart","extract","forest","test","refused","type = ""forest"" is only available on a fit with per-forest reporting (an amplitude-coupled multi-forest fit); this fit has none"
"fit:bart.logistic","class=bart","extract","forest","zzz-invalid-sample","refused","sample must be in 'train', 'test'"
"fit:bart.logistic","class=bart","extract","zzz-invalid-type","train","refused","type must be in 'ev', 'ppd', 'bart', 'loglik', 'trees', 'forest'"
"fit:bart.logistic","class=bart","extract","zzz-invalid-type","test","refused","type must be in 'ev', 'ppd', 'bart', 'loglik', 'trees', 'forest'"
"fit:bart.logistic","class=bart","extract","zzz-invalid-type","zzz-invalid-sample","refused","type must be in 'ev', 'ppd', 'bart', 'loglik', 'trees', 'forest'"
"fit:bart.logistic","class=bart","fitted","ev","train","accepted","numeric len40"
"fit:bart.logistic","class=bart","fitted","ev","test","accepted","numeric len12"
"fit:bart.logistic","class=bart","fitted","ev","zzz-invalid-sample","refused","sample must be in 'train', 'test'"
"fit:bart.logistic","class=bart","fitted","ppd","train","accepted","numeric len40"
"fit:bart.logistic","class=bart","fitted","ppd","test","accepted","numeric len12"
"fit:bart.logistic","class=bart","fitted","ppd","zzz-invalid-sample","refused","sample must be in 'train', 'test'"
"fit:bart.logistic","class=bart","fitted","bart","train","accepted","numeric len40"
"fit:bart.logistic","class=bart","fitted","bart","test","accepted","numeric len12"
"fit:bart.logistic","class=bart","fitted","bart","zzz-invalid-sample","refused","sample must be in 'train', 'test'"
"fit:bart.logistic","class=bart","fitted","zzz-invalid-type","train","refused","type must be in 'ev', 'ppd', 'bart'"
"fit:bart.logistic","class=bart","fitted","zzz-invalid-type","test","refused","type must be in 'ev', 'ppd', 'bart'"
"fit:bart.logistic","class=bart","fitted","zzz-invalid-type","zzz-invalid-sample","refused","type must be in 'ev', 'ppd', 'bart'"
"fit:bart.logistic","class=bart","residuals","ev","","accepted","numeric len40"
"fit:bart.logistic","class=bart","residuals","zzz-invalid-type","","refused","type must be in 'ev', 'ppd', 'bart'"
"fit:bart.logistic","class=bart","summary","","","accepted","summary.bart len3"
"fit:bart.logistic","class=bart","print","","","accepted","bart len11"
"fit:bart.logistic","class=bart","plot","","","accepted","NULL len0"
"fit:bart.logistic","class=bart","plotTree","","","accepted","NULL len0"
"fit:bart.logistic","class=bart","survivalProbabilities","","","refused","survivalProbabilities requires an aft (survival) fit"
"fit:bart.logistic","class=bart","as_draws_array","","","accepted","draws_array/draws/array 6x1x1 dimnames=[{1,2,3,...},{1},{k}]"
"fit:bart.logistic","class=bart","as_draws_df","","","accepted","draws_df/draws/tbl_df/tbl/data.frame 6x4 dimnames=[{1,2,3,...},{k,.chain,.iteration,...}] attrs=[row.names]"
"fit:bart.nchains2","class=bart","predict","ev","","accepted","matrix/array 12x12"
"fit:bart.nchains2","class=bart","predict","ppd","","accepted","matrix/array 12x12"
"fit:bart.nchains2","class=bart","predict","bart","","accepted","matrix/array 12x12"
"fit:bart.nchains2","class=bart","predict","forest","","refused","type = ""forest"" is only available on a fit with per-forest reporting (an amplitude-coupled multi-forest fit); this fit has none"
"fit:bart.nchains2","class=bart","predict","zzz-invalid-type","","refused","type must be in 'ev', 'ppd', 'bart', 'forest'"
"fit:bart.nchains2","class=bart","extract","ev","train","accepted","matrix/array 12x40"
"fit:bart.nchains2","class=bart","extract","ev","test","accepted","matrix/array 12x12"
"fit:bart.nchains2","class=bart","extract","ev","zzz-invalid-sample","refused","sample must be in 'train', 'test'"
"fit:bart.nchains2","class=bart","extract","ppd","train","accepted","matrix/array 12x40"
"fit:bart.nchains2","class=bart","extract","ppd","test","accepted","matrix/array 12x12"
"fit:bart.nchains2","class=bart","extract","ppd","zzz-invalid-sample","refused","sample must be in 'train', 'test'"
"fit:bart.nchains2","class=bart","extract","bart","train","accepted","matrix/array 12x40"
"fit:bart.nchains2","class=bart","extract","bart","test","accepted","matrix/array 12x12"
"fit:bart.nchains2","class=bart","extract","bart","zzz-invalid-sample","refused","sample must be in 'train', 'test'"
"fit:bart.nchains2","class=bart","extract","loglik","train","accepted","matrix/array 12x40"
"fit:bart.nchains2","class=bart","extract","loglik","test","refused","cannot extract a test sample log-likelihood; no test response exists"
"fit:bart.nchains2","class=bart","extract","loglik","zzz-invalid-sample","refused","sample must be in 'train', 'test'"
"fit:bart.nchains2","class=bart","extract","trees","train","error-without-reason","missing value where TRUE/FALSE needed"
"fit:bart.nchains2","class=bart","extract","trees","test","error-without-reason","missing value where TRUE/FALSE needed"
"fit:bart.nchains2","class=bart","extract","trees","zzz-invalid-sample","error-without-reason","missing value where TRUE/FALSE needed"
"fit:bart.nchains2","class=bart","extract","forest","train","refused","type = ""forest"" is only available on a fit with per-forest reporting (an amplitude-coupled multi-forest fit); this fit has none"
"fit:bart.nchains2","class=bart","extract","forest","test","refused","type = ""forest"" is only available on a fit with per-forest reporting (an amplitude-coupled multi-forest fit); this fit has none"
"fit:bart.nchains2","class=bart","extract","forest","zzz-invalid-sample","refused","sample must be in 'train', 'test'"
"fit:bart.nchains2","class=bart","extract","zzz-invalid-type","train","refused","type must be in 'ev', 'ppd', 'bart', 'loglik', 'trees', 'forest'"
"fit:bart.nchains2","class=bart","extract","zzz-invalid-type","test","refused","type must be in 'ev', 'ppd', 'bart', 'loglik', 'trees', 'forest'"
"fit:bart.nchains2","class=bart","extract","zzz-invalid-type","zzz-invalid-sample","refused","type must be in 'ev', 'ppd', 'bart', 'loglik', 'trees', 'forest'"
"fit:bart.nchains2","class=bart","fitted","ev","train","accepted","numeric len40"
"fit:bart.nchains2","class=bart","fitted","ev","test","accepted","numeric len12"
"fit:bart.nchains2","class=bart","fitted","ev","zzz-invalid-sample","refused","sample must be in 'train', 'test'"
"fit:bart.nchains2","class=bart","fitted","ppd","train","accepted","numeric len40"
"fit:bart.nchains2","class=bart","fitted","ppd","test","accepted","numeric len12"
"fit:bart.nchains2","class=bart","fitted","ppd","zzz-invalid-sample","refused","sample must be in 'train', 'test'"
"fit:bart.nchains2","class=bart","fitted","bart","train","accepted","numeric len40"
"fit:bart.nchains2","class=bart","fitted","bart","test","accepted","numeric len12"
"fit:bart.nchains2","class=bart","fitted","bart","zzz-invalid-sample","refused","sample must be in 'train', 'test'"
"fit:bart.nchains2","class=bart","fitted","zzz-invalid-type","train","refused","type must be in 'ev', 'ppd', 'bart'"
"fit:bart.nchains2","class=bart","fitted","zzz-invalid-type","test","refused","type must be in 'ev', 'ppd', 'bart'"
"fit:bart.nchains2","class=bart","fitted","zzz-invalid-type","zzz-invalid-sample","refused","type must be in 'ev', 'ppd', 'bart'"
"fit:bart.nchains2","class=bart","residuals","ev","","accepted","numeric len40"
"fit:bart.nchains2","class=bart","residuals","zzz-invalid-type","","refused","type must be in 'ev', 'ppd', 'bart'"
"fit:bart.nchains2","class=bart","summary","","","accepted","summary.bart len3"
"fit:bart.nchains2","class=bart","print","","","accepted","bart len15"
"fit:bart.nchains2","class=bart","plot","","","accepted","NULL len0"
"fit:bart.nchains2","class=bart","plotTree","","","refused","chainNum required if more than one chain in sampler"
"fit:bart.nchains2","class=bart","survivalProbabilities","","","refused","survivalProbabilities requires an aft (survival) fit"
"fit:bart.nchains2","class=bart","as_draws_array","","","accepted","draws_array/draws/array 6x2x1 dimnames=[{1,2,3,...},{1,2},{sigma}]"
"fit:bart.nchains2","class=bart","as_draws_df","","","accepted","draws_df/draws/tbl_df/tbl/data.frame 12x4 dimnames=[{1,2,3,...},{sigma,.chain,.iteration,...}] attrs=[row.names]"
"fit:bart.probit","class=bart","predict","ev","","accepted","matrix/array 6x12"
"fit:bart.probit","class=bart","predict","ppd","","accepted","matrix/array 6x12 dimnames=[NULL,NULL]"
"fit:bart.probit","class=bart","predict","bart","","accepted","matrix/array 6x12"
"fit:bart.probit","class=bart","predict","forest","","refused","type = ""forest"" is only available on a fit with per-forest reporting (an amplitude-coupled multi-forest fit); this fit has none"
"fit:bart.probit","class=bart","predict","zzz-invalid-type","","refused","type must be in 'ev', 'ppd', 'bart', 'forest'"
"fit:bart.probit","class=bart","extract","ev","train","accepted","matrix/array 6x40"
"fit:bart.probit","class=bart","extract","ev","test","accepted","matrix/array 6x12"
"fit:bart.probit","class=bart","extract","ev","zzz-invalid-sample","refused","sample must be in 'train', 'test'"
"fit:bart.probit","class=bart","extract","ppd","train","accepted","matrix/array 6x40 dimnames=[NULL,NULL]"
"fit:bart.probit","class=bart","extract","ppd","test","accepted","matrix/array 6x12 dimnames=[NULL,NULL]"
"fit:bart.probit","class=bart","extract","ppd","zzz-invalid-sample","refused","sample must be in 'train', 'test'"
"fit:bart.probit","class=bart","extract","bart","train","accepted","matrix/array 6x40"
"fit:bart.probit","class=bart","extract","bart","test","accepted","matrix/array 6x12"
"fit:bart.probit","class=bart","extract","bart","zzz-invalid-sample","refused","sample must be in 'train', 'test'"
"fit:bart.probit","class=bart","extract","loglik","train","accepted","matrix/array 6x40"
"fit:bart.probit","class=bart","extract","loglik","test","refused","cannot extract a test sample log-likelihood; no test response exists"
"fit:bart.probit","class=bart","extract","loglik","zzz-invalid-sample","refused","sample must be in 'train', 'test'"
"fit:bart.probit","class=bart","extract","trees","train","error-without-reason","missing value where TRUE/FALSE needed"
"fit:bart.probit","class=bart","extract","trees","test","error-without-reason","missing value where TRUE/FALSE needed"
"fit:bart.probit","class=bart","extract","trees","zzz-invalid-sample","error-without-reason","missing value where TRUE/FALSE needed"
"fit:bart.probit","class=bart","extract","forest","train","refused","type = ""forest"" is only available on a fit with per-forest reporting (an amplitude-coupled multi-forest fit); this fit has none"
"fit:bart.probit","class=bart","extract","forest","test","refused","type = ""forest"" is only available on a fit with per-forest reporting (an amplitude-coupled multi-forest fit); this fit has none"
"fit:bart.probit","class=bart","extract","forest","zzz-invalid-sample","refused","sample must be in 'train', 'test'"
"fit:bart.probit","class=bart","extract","zzz-invalid-type","train","refused","type must be in 'ev', 'ppd', 'bart', 'loglik', 'trees', 'forest'"
"fit:bart.probit","class=bart","extract","zzz-invalid-type","test","refused","type must be in 'ev', 'ppd', 'bart', 'loglik', 'trees', 'forest'"
"fit:bart.probit","class=bart","extract","zzz-invalid-type","zzz-invalid-sample","refused","type must be in 'ev', 'ppd', 'bart', 'loglik', 'trees', 'forest'"
"fit:bart.probit","class=bart","fitted","ev","train","accepted","numeric len40"
"fit:bart.probit","class=bart","fitted","ev","test","accepted","numeric len12"
"fit:bart.probit","class=bart","fitted","ev","zzz-invalid-sample","refused","sample must be in 'train', 'test'"
"fit:bart.probit","class=bart","fitted","ppd","train","accepted","numeric len40"
"fit:bart.probit","class=bart","fitted","ppd","test","accepted","numeric len12"
"fit:bart.probit","class=bart","fitted","ppd","zzz-invalid-sample","refused","sample must be in 'train', 'test'"
"fit:bart.probit","class=bart","fitted","bart","train","accepted","numeric len40"
"fit:bart.probit","class=bart","fitted","bart","test","accepted","numeric len12"
"fit:bart.probit","class=bart","fitted","bart","zzz-invalid-sample","refused","sample must be in 'train', 'test'"
"fit:bart.probit","class=bart","fitted","zzz-invalid-type","train","refused","type must be in 'ev', 'ppd', 'bart'"
"fit:bart.probit","class=bart","fitted","zzz-invalid-type","test","refused","type must be in 'ev', 'ppd', 'bart'"
"fit:bart.probit","class=bart","fitted","zzz-invalid-type","zzz-invalid-sample","refused","type must be in 'ev', 'ppd', 'bart'"
"fit:bart.probit","class=bart","residuals","ev","","accepted","numeric len40"
"fit:bart.probit","class=bart","residuals","zzz-invalid-type","","refused","type must be in 'ev', 'ppd', 'bart'"
"fit:bart.probit","class=bart","summary","","","accepted","summary.bart len3"
"fit:bart.probit","class=bart","print","","","accepted","bart len11"
"fit:bart.probit","class=bart","plot","","","accepted","NULL len0"
"fit:bart.probit","class=bart","plotTree","","","accepted","NULL len0"
"fit:bart.probit","class=bart","survivalProbabilities","","","refused","survivalProbabilities requires an aft (survival) fit"
"fit:bart.probit","class=bart","as_draws_array","","","accepted","draws_array/draws/array 6x1x1 dimnames=[{1,2,3,...},{1},{k}]"
"fit:bart.probit","class=bart","as_draws_df","","","accepted","draws_df/draws/tbl_df/tbl/data.frame 6x4 dimnames=[{1,2,3,...},{k,.chain,.iteration,...}] attrs=[row.names]"
"fit:bart.student","class=bart","predict","ev","","accepted","matrix/array 6x12"
"fit:bart.student","class=bart","predict","ppd","","refused","posterior predictive sampling does not support student residuals"
"fit:bart.student","class=bart","predict","bart","","accepted","matrix/array 6x12"
"fit:bart.student","class=bart","predict","forest","","refused","type = ""forest"" is only available on a fit with per-forest reporting (an amplitude-coupled multi-forest fit); this fit has none"
"fit:bart.student","class=bart","predict","zzz-invalid-type","","refused","type must be in 'ev', 'ppd', 'bart', 'forest'"
"fit:bart.student","class=bart","extract","ev","train","accepted","matrix/array 6x40"
"fit:bart.student","class=bart","extract","ev","test","accepted","matrix/array 6x12"
"fit:bart.student","class=bart","extract","ev","zzz-invalid-sample","refused","sample must be in 'train', 'test'"
"fit:bart.student","class=bart","extract","ppd","train","refused","posterior predictive sampling does not support student residuals"
"fit:bart.student","class=bart","extract","ppd","test","refused","posterior predictive sampling does not support student residuals"
"fit:bart.student","class=bart","extract","ppd","zzz-invalid-sample","refused","sample must be in 'train', 'test'"
"fit:bart.student","class=bart","extract","bart","train","accepted","matrix/array 6x40"
"fit:bart.student","class=bart","extract","bart","test","accepted","matrix/array 6x12"
"fit:bart.student","class=bart","extract","bart","zzz-invalid-sample","refused","sample must be in 'train', 'test'"
"fit:bart.student","class=bart","extract","loglik","train","accepted","matrix/array 6x40"
"fit:bart.student","class=bart","extract","loglik","test","refused","cannot extract a test sample log-likelihood; no test response exists"
"fit:bart.student","class=bart","extract","loglik","zzz-invalid-sample","refused","sample must be in 'train', 'test'"
"fit:bart.student","class=bart","extract","trees","train","error-without-reason","missing value where TRUE/FALSE needed"
"fit:bart.student","class=bart","extract","trees","test","error-without-reason","missing value where TRUE/FALSE needed"
"fit:bart.student","class=bart","extract","trees","zzz-invalid-sample","error-without-reason","missing value where TRUE/FALSE needed"
"fit:bart.student","class=bart","extract","forest","train","refused","type = ""forest"" is only available on a fit with per-forest reporting (an amplitude-coupled multi-forest fit); this fit has none"
"fit:bart.student","class=bart","extract","forest","test","refused","type = ""forest"" is only available on a fit with per-forest reporting (an amplitude-coupled multi-forest fit); this fit has none"
"fit:bart.student","class=bart","extract","forest","zzz-invalid-sample","refused","sample must be in 'train', 'test'"
"fit:bart.student","class=bart","extract","zzz-invalid-type","train","refused","type must be in 'ev', 'ppd', 'bart', 'loglik', 'trees', 'forest'"
"fit:bart.student","class=bart","extract","zzz-invalid-type","test","refused","type must be in 'ev', 'ppd', 'bart', 'loglik', 'trees', 'forest'"
"fit:bart.student","class=bart","extract","zzz-invalid-type","zzz-invalid-sample","refused","type must be in 'ev', 'ppd', 'bart', 'loglik', 'trees', 'forest'"
"fit:bart.student","class=bart","fitted","ev","train","accepted","numeric len40"
"fit:bart.student","class=bart","fitted","ev","test","accepted","numeric len12"
"fit:bart.student","class=bart","fitted","ev","zzz-invalid-sample","refused","sample must be in 'train', 'test'"
"fit:bart.student","class=bart","fitted","ppd","train","refused","posterior predictive sampling does not support student residuals"
"fit:bart.student","class=bart","fitted","ppd","test","refused","posterior predictive sampling does not support student residuals"
"fit:bart.student","class=bart","fitted","ppd","zzz-invalid-sample","refused","sample must be in 'train', 'test'"
"fit:bart.student","class=bart","fitted","bart","train","accepted","numeric len40"
"fit:bart.student","class=bart","fitted","bart","test","accepted","numeric len12"
"fit:bart.student","class=bart","fitted","bart","zzz-invalid-sample","refused","sample must be in 'train', 'test'"
"fit:bart.student","class=bart","fitted","zzz-invalid-type","train","refused","type must be in 'ev', 'ppd', 'bart'"
"fit:bart.student","class=bart","fitted","zzz-invalid-type","test","refused","type must be in 'ev', 'ppd', 'bart'"
"fit:bart.student","class=bart","fitted","zzz-invalid-type","zzz-invalid-sample","refused","type must be in 'ev', 'ppd', 'bart'"
"fit:bart.student","class=bart","residuals","ev","","accepted","numeric len40"
"fit:bart.student","class=bart","residuals","zzz-invalid-type","","refused","type must be in 'ev', 'ppd', 'bart'"
"fit:bart.student","class=bart","summary","","","accepted","summary.bart len3"
"fit:bart.student","class=bart","print","","","accepted","bart len16"
"fit:bart.student","class=bart","plot","","","accepted","NULL len0"
"fit:bart.student","class=bart","plotTree","","","accepted","NULL len0"
"fit:bart.student","class=bart","survivalProbabilities","","","refused","survivalProbabilities requires an aft (survival) fit"
"fit:bart.student","class=bart","as_draws_array","","","accepted","draws_array/draws/array 6x1x1 dimnames=[{1,2,3,...},{1},{sigma}]"
"fit:bart.student","class=bart","as_draws_df","","","accepted","draws_df/draws/tbl_df/tbl/data.frame 6x4 dimnames=[{1,2,3,...},{sigma,.chain,.iteration,...}] attrs=[row.names]"
"fit:bartMultinomial","class=bartMultinomial","predict","ev","","accepted","array 6x12x3 dimnames=[NULL,NULL,{a,b,c}]"
"fit:bartMultinomial","class=bartMultinomial","predict","ppd","","accepted","matrix/array 6x12"
"fit:bartMultinomial","class=bartMultinomial","predict","bart","","refused","multinomial fits do not support type = ""bart"": the run records only the identified softmax probabilities; the raw per-category latent fits are non-identified and unrecorded"
"fit:bartMultinomial","class=bartMultinomial","predict","forest","","refused","multinomial fits do not support type = ""forest"": a category's forest is a latent whose level is reproducibly structured yet not identified, so a raw replay reads as signal; the identified content is the log-ratio of the probabilities predict() reports"
"fit:bartMultinomial","class=bartMultinomial","predict","zzz-invalid-type","","refused","type must be in 'ev', 'ppd', 'bart', 'forest'"
"fit:bartMultinomial","class=bartMultinomial","extract","ev","train","accepted","array 6x40x3 dimnames=[NULL,NULL,{a,b,c}]"
"fit:bartMultinomial","class=bartMultinomial","extract","ev","test","accepted","array 6x12x3 dimnames=[NULL,NULL,{a,b,c}]"
"fit:bartMultinomial","class=bartMultinomial","extract","ev","zzz-invalid-sample","error-without-reason","'arg' should be one of “train”, “test”"
"fit:bartMultinomial","class=bartMultinomial","extract","ppd","train","accepted","matrix/array 6x40"
"fit:bartMultinomial","class=bartMultinomial","extract","ppd","test","accepted","matrix/array 6x12"
"fit:bartMultinomial","class=bartMultinomial","extract","ppd","zzz-invalid-sample","error-without-reason","'arg' should be one of “train”, “test”"
"fit:bartMultinomial","class=bartMultinomial","extract","bart","train","refused","multinomial fits do not support type = ""bart"": the run records only the identified softmax probabilities; the raw per-category latent fits are non-identified and unrecorded"
"fit:bartMultinomial","class=bartMultinomial","extract","bart","test","refused","multinomial fits do not support type = ""bart"": the run records only the identified softmax probabilities; the raw per-category latent fits are non-identified and unrecorded"
"fit:bartMultinomial","class=bartMultinomial","extract","bart","zzz-invalid-sample","error-without-reason","'arg' should be one of “train”, “test”"
"fit:bartMultinomial","class=bartMultinomial","extract","forest","train","refused","multinomial fits do not support type = ""forest"": a category's forest is a latent whose level is reproducibly structured yet not identified, so a raw replay reads as signal; the identified content is the log-ratio of the probabilities predict() reports"
"fit:bartMultinomial","class=bartMultinomial","extract","forest","test","refused","multinomial fits do not support type = ""forest"": a category's forest is a latent whose level is reproducibly structured yet not identified, so a raw replay reads as signal; the identified content is the log-ratio of the probabilities predict() reports"
"fit:bartMultinomial","class=bartMultinomial","extract","forest","zzz-invalid-sample","error-without-reason","'arg' should be one of “train”, “test”"
"fit:bartMultinomial","class=bartMultinomial","extract","zzz-invalid-type","train","refused","type must be in 'ev', 'ppd', 'bart', 'forest'"
"fit:bartMultinomial","class=bartMultinomial","extract","zzz-invalid-type","test","refused","type must be in 'ev', 'ppd', 'bart', 'forest'"
"fit:bartMultinomial","class=bartMultinomial","extract","zzz-invalid-type","zzz-invalid-sample","refused","type must be in 'ev', 'ppd', 'bart', 'forest'"
"fit:bartMultinomial","class=bartMultinomial","fitted","ev","","accepted","matrix/array 40x3 dimnames=[NULL,{a,b,c}]"
"fit:bartMultinomial","class=bartMultinomial","fitted","class","","accepted","factor len40  attrs=[levels]"
"fit:bartMultinomial","class=bartMultinomial","fitted","bart","","refused","multinomial fits do not support type = ""bart"": the run records only the identified softmax probabilities; the raw per-category latent fits are non-identified and unrecorded"
"fit:bartMultinomial","class=bartMultinomial","fitted","zzz-invalid-type","","refused","type must be in 'ev', 'class', 'bart'"
"fit:bartMultinomial","class=bartMultinomial","residuals","","","accepted","matrix/array 40x3 dimnames=[NULL,{a,b,c}]"
"fit:bartMultinomial","class=bartMultinomial","summary","","","accepted","summary.bart len3"
"fit:bartMultinomial","class=bartMultinomial","print","","","accepted","bartMultinomial len11"
"fit:bartMultinomial","class=bartMultinomial","plot","","","accepted","bartMultinomial len11"
"fit:bartNegbin","class=bartNegbin","predict","ev","","accepted","matrix/array 6x12"
"fit:bartNegbin","class=bartNegbin","predict","ppd","","accepted","matrix/array 6x12"
"fit:bartNegbin","class=bartNegbin","predict","bart","","accepted","matrix/array 6x12"
"fit:bartNegbin","class=bartNegbin","predict","zzz-invalid-type","","refused","type must be in 'ev', 'ppd', 'bart'"
"fit:bartNegbin","class=bartNegbin","extract","ev","train","accepted","matrix/array 6x40"
"fit:bartNegbin","class=bartNegbin","extract","ev","test","accepted","matrix/array 6x12"
"fit:bartNegbin","class=bartNegbin","extract","ev","zzz-invalid-sample","error-without-reason","'arg' should be one of “train”, “test”"
"fit:bartNegbin","class=bartNegbin","extract","ppd","train","accepted","matrix/array 6x40"
"fit:bartNegbin","class=bartNegbin","extract","ppd","test","accepted","matrix/array 6x12"
"fit:bartNegbin","class=bartNegbin","extract","ppd","zzz-invalid-sample","error-without-reason","'arg' should be one of “train”, “test”"
"fit:bartNegbin","class=bartNegbin","extract","bart","train","accepted","matrix/array 6x40"
"fit:bartNegbin","class=bartNegbin","extract","bart","test","accepted","matrix/array 6x12"
"fit:bartNegbin","class=bartNegbin","extract","bart","zzz-invalid-sample","error-without-reason","'arg' should be one of “train”, “test”"
"fit:bartNegbin","class=bartNegbin","extract","zzz-invalid-type","train","refused","type must be in 'ev', 'ppd', 'bart'"
"fit:bartNegbin","class=bartNegbin","extract","zzz-invalid-type","test","refused","type must be in 'ev', 'ppd', 'bart'"
"fit:bartNegbin","class=bartNegbin","extract","zzz-invalid-type","zzz-invalid-sample","refused","type must be in 'ev', 'ppd', 'bart'"
"fit:bartNegbin","class=bartNegbin","fitted","ev","","accepted","numeric len40"
"fit:bartNegbin","class=bartNegbin","fitted","bart","","accepted","numeric len40"
"fit:bartNegbin","class=bartNegbin","fitted","zzz-invalid-type","","refused","type must be in 'ev', 'bart'"
"fit:bartNegbin","class=bartNegbin","residuals","","","accepted","numeric len40"
"fit:bartNegbin","class=bartNegbin","summary","","","accepted","summary.bart len3"
"fit:bartNegbin","class=bartNegbin","print","","","accepted","bartNegbin len13"
"fit:bartOrdinal","class=bartOrdinal","predict","ev","","accepted","array 6x12x3 dimnames=[NULL,NULL,{lo,mid,hi}]"
"fit:bartOrdinal","class=bartOrdinal","predict","ppd","","accepted","matrix/array 6x12"
"fit:bartOrdinal","class=bartOrdinal","predict","bart","","accepted","matrix/array 6x12"
"fit:bartOrdinal","class=bartOrdinal","predict","zzz-invalid-type","","refused","type must be in 'ev', 'ppd', 'bart'"
"fit:bartOrdinal","class=bartOrdinal","extract","ev","train","accepted","array 6x40x3 dimnames=[NULL,NULL,{lo,mid,hi}]"
"fit:bartOrdinal","class=bartOrdinal","extract","ev","test","accepted","array 6x12x3 dimnames=[NULL,NULL,{lo,mid,hi}]"
"fit:bartOrdinal","class=bartOrdinal","extract","ev","zzz-invalid-sample","error-without-reason","'arg' should be one of “train”, “test”"
"fit:bartOrdinal","class=bartOrdinal","extract","ppd","train","accepted","matrix/array 6x40"
"fit:bartOrdinal","class=bartOrdinal","extract","ppd","test","accepted","matrix/array 6x12"
"fit:bartOrdinal","class=bartOrdinal","extract","ppd","zzz-invalid-sample","error-without-reason","'arg' should be one of “train”, “test”"
"fit:bartOrdinal","class=bartOrdinal","extract","bart","train","accepted","matrix/array 6x40"
"fit:bartOrdinal","class=bartOrdinal","extract","bart","test","accepted","matrix/array 6x12"
"fit:bartOrdinal","class=bartOrdinal","extract","bart","zzz-invalid-sample","error-without-reason","'arg' should be one of “train”, “test”"
"fit:bartOrdinal","class=bartOrdinal","extract","zzz-invalid-type","train","refused","type must be in 'ev', 'ppd', 'bart'"
"fit:bartOrdinal","class=bartOrdinal","extract","zzz-invalid-type","test","refused","type must be in 'ev', 'ppd', 'bart'"
"fit:bartOrdinal","class=bartOrdinal","extract","zzz-invalid-type","zzz-invalid-sample","refused","type must be in 'ev', 'ppd', 'bart'"
"fit:bartOrdinal","class=bartOrdinal","fitted","ev","","accepted","matrix/array 40x3 dimnames=[NULL,{lo,mid,hi}]"
"fit:bartOrdinal","class=bartOrdinal","fitted","class","","accepted","ordered/factor len40  attrs=[levels]"
"fit:bartOrdinal","class=bartOrdinal","fitted","bart","","accepted","numeric len40"
"fit:bartOrdinal","class=bartOrdinal","fitted","zzz-invalid-type","","refused","type must be in 'ev', 'class', 'bart'"
"fit:bartOrdinal","class=bartOrdinal","residuals","","","accepted","matrix/array 40x3 dimnames=[NULL,{lo,mid,hi}]"
"fit:bartOrdinal","class=bartOrdinal","summary","","","accepted","summary.bart len3"
"fit:bartOrdinal","class=bartOrdinal","print","","","accepted","bartOrdinal len15"
"fit:dbartsSampler.gaussian","class=dbartsSampler","extract","predictors","","accepted","matrix/array 40x3 dimnames=[NULL,{x1,x2,x3}]"
"fit:dbartsSampler.gaussian","class=dbartsSampler","extract","zzz-invalid-type","","refused","type must be 'predictors'"
"fit:dbartsSampler.gaussian","class=dbartsSampler","plotTree","","","accepted","NULL len0"
"fit:dbartsSampler.multinomial","class=dbartsSampler","extract","predictors","","accepted","matrix/array 40x3 dimnames=[NULL,{x1,x2,x3}]"
"fit:dbartsSampler.multinomial","class=dbartsSampler","extract","zzz-invalid-type","","refused","type must be 'predictors'"
"fit:dbartsSampler.multinomial","class=dbartsSampler","plotTree","","","accepted","NULL len0"
"fit:pd2bart","class=pd2bart","plot","","","accepted","NULL len0"
"fit:pdbart","class=pdbart","plot","","","accepted","NULL len0"
"fit:rbart","class=rbart","predict","ev","","refused","length of group.by not equal to number of rows in test"
"fit:rbart","class=rbart","predict","ppd","","refused","length of group.by not equal to number of rows in test"
"fit:rbart","class=rbart","predict","bart","","refused","length of group.by not equal to number of rows in test"
"fit:rbart","class=rbart","predict","ranef","","accepted","matrix/array 1x4 dimnames=[NULL,{a,b,c,...}]"
"fit:rbart","class=rbart","predict","zzz-invalid-type","","refused","type must be in 'ev', 'ppd', 'bart', 'ranef'"
"fit:rbart","class=rbart","extract","ev","train","accepted","matrix/array 1x40"
"fit:rbart","class=rbart","extract","ev","test","accepted","matrix/array 1x12"
"fit:rbart","class=rbart","extract","ev","zzz-invalid-sample","refused","sample must be in 'train', 'test'"
"fit:rbart","class=rbart","extract","ppd","train","accepted","matrix/array 1x40"
"fit:rbart","class=rbart","extract","ppd","test","accepted","matrix/array 1x12"
"fit:rbart","class=rbart","extract","ppd","zzz-invalid-sample","refused","sample must be in 'train', 'test'"
"fit:rbart","class=rbart","extract","bart","train","accepted","matrix/array 1x40"
"fit:rbart","class=rbart","extract","bart","test","accepted","matrix/array 1x12"
"fit:rbart","class=rbart","extract","bart","zzz-invalid-sample","refused","sample must be in 'train', 'test'"
"fit:rbart","class=rbart","extract","loglik","train","accepted","matrix/array 1x40"
"fit:rbart","class=rbart","extract","loglik","test","refused","cannot extract a test sample log-likelihood; no test response exists"
"fit:rbart","class=rbart","extract","loglik","zzz-invalid-sample","refused","sample must be in 'train', 'test'"
"fit:rbart","class=rbart","extract","ranef","train","accepted","matrix/array 1x4 dimnames=[NULL,{a,b,c,...}]"
"fit:rbart","class=rbart","extract","ranef","test","accepted","matrix/array 1x4 dimnames=[NULL,{a,b,c,...}]"
"fit:rbart","class=rbart","extract","ranef","zzz-invalid-sample","refused","sample must be in 'train', 'test'"
"fit:rbart","class=rbart","extract","trees","train","error-without-reason","missing value where TRUE/FALSE needed"
"fit:rbart","class=rbart","extract","trees","test","error-without-reason","missing value where TRUE/FALSE needed"
"fit:rbart","class=rbart","extract","trees","zzz-invalid-sample","error-without-reason","missing value where TRUE/FALSE needed"
"fit:rbart","class=rbart","extract","zzz-invalid-type","train","refused","type must be in 'ev', 'ppd', 'bart', 'loglik', 'ranef', 'trees'"
"fit:rbart","class=rbart","extract","zzz-invalid-type","test","refused","type must be in 'ev', 'ppd', 'bart', 'loglik', 'ranef', 'trees'"
"fit:rbart","class=rbart","extract","zzz-invalid-type","zzz-invalid-sample","refused","type must be in 'ev', 'ppd', 'bart', 'loglik', 'ranef', 'trees'"
"fit:rbart","class=rbart","fitted","ev","train","accepted","numeric len40"
"fit:rbart","class=rbart","fitted","ev","test","accepted","numeric len12"
"fit:rbart","class=rbart","fitted","ev","zzz-invalid-sample","refused","sample must be in 'train', 'test'"
"fit:rbart","class=rbart","fitted","ppd","train","accepted","numeric len40"
"fit:rbart","class=rbart","fitted","ppd","test","accepted","numeric len12"
"fit:rbart","class=rbart","fitted","ppd","zzz-invalid-sample","refused","sample must be in 'train', 'test'"
"fit:rbart","class=rbart","fitted","bart","train","accepted","numeric len40"
"fit:rbart","class=rbart","fitted","bart","test","accepted","numeric len12"
"fit:rbart","class=rbart","fitted","bart","zzz-invalid-sample","refused","sample must be in 'train', 'test'"
"fit:rbart","class=rbart","fitted","ranef","train","accepted","numeric len4"
"fit:rbart","class=rbart","fitted","ranef","test","accepted","numeric len4"
"fit:rbart","class=rbart","fitted","ranef","zzz-invalid-sample","refused","sample must be in 'train', 'test'"
"fit:rbart","class=rbart","fitted","zzz-invalid-type","train","refused","type must be in 'ev', 'ppd', 'bart', 'ranef'"
"fit:rbart","class=rbart","fitted","zzz-invalid-type","test","refused","type must be in 'ev', 'ppd', 'bart', 'ranef'"
"fit:rbart","class=rbart","fitted","zzz-invalid-type","zzz-invalid-sample","refused","type must be in 'ev', 'ppd', 'bart', 'ranef'"
"fit:rbart","class=rbart","residuals","ev","","accepted","numeric len40"
"fit:rbart","class=rbart","residuals","zzz-invalid-type","","refused","type must be in 'ev', 'ppd', 'bart', 'ranef'"
"fit:rbart","class=rbart","summary","","","accepted","summary.bart len3"
"fit:rbart","class=rbart","print","","","accepted","rbart len18"
"fit:rbart","class=rbart","plot","","","accepted","NULL len0"
"fit:rbart","class=rbart","plotTree","","","accepted","NULL len0"
"fit:rbart","class=rbart","survivalProbabilities","","","refused","survivalProbabilities requires an aft (survival) rbart fit"
"fit:rbart","class=rbart","as_draws_array","","","accepted","draws_array/draws/array 1x1x2 dimnames=[{1},{1},{sigma,tau}]"
"fit:rbart","class=rbart","as_draws_df","","","accepted","draws_df/draws/tbl_df/tbl/data.frame 1x5 dimnames=[{1},{sigma,tau,.chain,...}] attrs=[row.names]"
"entry-pair:dbartsSpec-vs-dbarts","family=auto","family-resolution","","","agree","dbartsSpec: ok=TRUE family=gaussian | dbarts: ok=TRUE family=gaussian"
"entry-pair:dbartsSpec-vs-dbarts","family=gaussian","family-resolution","","","agree","dbartsSpec: ok=TRUE family=gaussian | dbarts: ok=TRUE family=gaussian"
"entry-pair:dbartsSpec-vs-dbarts","family=probit","family-resolution","","","agree","dbartsSpec: ok=TRUE family=probit | dbarts: ok=TRUE family=probit"
"entry-pair:dbartsSpec-vs-dbarts","family=logistic","family-resolution","","","agree","dbartsSpec: ok=TRUE family=logistic | dbarts: ok=TRUE family=logistic"
"entry-pair:dbartsSpec-vs-dbarts","family=multinomial","family-resolution","","","DISAGREE","dbartsSpec: ok=FALSE family=family ""multinomial"" cannot fit a 3-level factor response; a 3+-level factor is multinomial (bart2(family = ""multinomial"")) | dbarts: ok=TRUE family=multinomial"
"entry-pair:dbartsSpec-vs-dbarts","family=ordinal","family-resolution","","","agree","dbartsSpec: ok=TRUE family=ordinal | dbarts: ok=TRUE family=ordinal"
"entry-pair:dbartsSpec-vs-dbarts","family=nbinom","family-resolution","","","agree","dbartsSpec: ok=TRUE family=nbinom | dbarts: ok=TRUE family=nbinom"
"entry-pair:dbarts-vs-bart2","weights=NA","weights-validation","","","agree","dbarts: 'weights' cannot be NA | bart2: 'weights' cannot be NA"
"entry-pair:bart2-vs-rbart_vi-vs-bart","n.thin/keepevery = -1","negative-thin-validation","","","agree(all refuse)","bart2: 'n.thin' must be a positive integer | rbart_vi: 'n.thin' must be a positive integer | bart: 'n.thin' must be a positive integer"
"dbartsSampler-method","gaussian sampler","run","","","accepted","list len8"
"dbartsSampler-method","gaussian sampler","sampleTreesFromPrior","","","accepted","NULL"
"dbartsSampler-method","gaussian sampler","sampleNodeParametersFromPrior","","","accepted","NULL"
"dbartsSampler-method","gaussian sampler","growFromRoot","","","accepted","NULL"
"dbartsSampler-method","gaussian sampler","setControl","","","accepted","NULL"
"dbartsSampler-method","gaussian sampler","setModel","","","accepted","NULL"
"dbartsSampler-method","gaussian sampler","setData","","","accepted","NULL"
"dbartsSampler-method","gaussian sampler","setResponse","","","accepted","NULL"
"dbartsSampler-method","gaussian sampler","setOffset","","","accepted","NULL"
"dbartsSampler-method","gaussian sampler","setWeights","","","accepted","NULL"
"dbartsSampler-method","gaussian sampler","setCounts","","","refused","$setCounts is not available on a sampler that carries no count response: only a multinomial (softmax) sampler has one"
"dbartsSampler-method","gaussian sampler","setCategoryOffset","","","refused","$setCategoryOffset is not available on a sampler that carries no count response: only a multinomial (softmax) sampler has one"
"dbartsSampler-method","gaussian sampler","setCategoryTestOffset","","","refused","$setCategoryTestOffset is not available on a sampler that carries no count response: only a multinomial (softmax) sampler has one"
"dbartsSampler-method","gaussian sampler","setActiveRows","","","accepted","NULL"
"dbartsSampler-method","gaussian sampler","setForestWeights","","","refused","bartcore_setForestWeights: requires a sampler that carries forest amplitudes"
"dbartsSampler-method","gaussian sampler","setForestBasis","","","refused","forest index out of range"
"dbartsSampler-method","gaussian sampler","setSigma","","","accepted","NULL"
"dbartsSampler-method","gaussian sampler","setPredictor","","","accepted","NULL"
"dbartsSampler-method","gaussian sampler","setCutPoints","","","accepted","NULL"
"dbartsSampler-method","gaussian sampler","setTestPredictor","","","refused","'x.test' must have 1 column(s)"
"dbartsSampler-method","gaussian sampler","setTestPredictorAndOffset","","","accepted","NULL"
"dbartsSampler-method","gaussian sampler","setTestOffset","","","accepted","NULL"
"dbartsSampler-method","gaussian sampler","setCalibration","","","accepted","NULL"
"dbartsSampler-method","gaussian sampler","installTrees","","","accepted","NULL"
"dbartsSampler-method","gaussian sampler","getDispersion","","","accepted","NULL"
"dbartsSampler-method","gaussian sampler","getFitsWithoutOffset","","","accepted","matrix/array 40x1"
"dbartsSampler-method","gaussian sampler","copy","","","accepted","dbartsSampler len1"
"dbartsSampler-method","gaussian sampler","predict","","","refused","bartcore_predict: the saved-tree store holds no recorded draws; run the sampler with keepTrees on before reading from it"
"dbartsSampler-method","gaussian sampler","predictForests","","","refused","bartcore_predictPerForest: this sampler reports no per-forest fits; only a coupling that composes its forests through scalar amplitude glue carries them"
"dbartsSampler-method","gaussian sampler","getLatents","","","accepted","NULL"
"dbartsSampler-method","gaussian sampler","getSigmas","","","accepted","numeric len1"
"dbartsSampler-method","gaussian sampler","getSumsOfSquaredResiduals","","","accepted","numeric len1"
"dbartsSampler-method","gaussian sampler","getForestFits","","","accepted","matrix/array 40x1"
"dbartsSampler-method","gaussian sampler","getForestAmplitudes","","","refused","forest amplitudes require a sampler whose forests carry them"
"dbartsSampler-method","gaussian sampler","getForestVariableCounts","","","accepted","matrix/array 3x1"
"dbartsSampler-method","gaussian sampler","getCalibration","","","accepted","matrix/array 1x12"
"dbartsSampler-method","gaussian sampler","storeState","","","accepted","NULL"
"dbartsSampler-method","gaussian sampler","setState","","","refused","'state' must inherit from bartcoreState"
"dbartsSampler-method","gaussian sampler","printTrees","","","refused","bartcore_printTrees: the saved-tree store holds no recorded draws; run the sampler with keepTrees on before reading from it"
"dbartsSampler-method","gaussian sampler","getTrees","","","refused","bartcore_getTrees: the saved-tree store holds no recorded draws; run the sampler with keepTrees on before reading from it"
"dbartsSampler-method","gaussian sampler","plotTree","","","refused","bartcore_getTrees: the saved-tree store holds no recorded draws; run the sampler with keepTrees on before reading from it"
